item_id	Name	genres	movieID
242	Kolya (1996)	Comedy	0
302	L.A. Confidential (1997)	Thriller|Mystery|Film-Noir|Crime	1
377	Heavyweights (1994)	Children's|Comedy	2
51	Legends of the Fall (1994)	Romance|Western|War|Drama	3
346	Jackie Brown (1997)	Crime|Drama	4
474	Dr. Strangelove or: How I Learned to Stop Worrying and Love the Bomb (1963)	Sci-Fi|War	5
265	Hunt for Red October, The (1990)	Action|Thriller	6
465	Jungle Book, The (1994)	Romance|Children's|Adventure	7
451	Grease (1978)	Romance|Comedy|Musical	8
86	Remains of the Day, The (1993)	Drama	9
257	Men in Black (1997)	Action|Comedy|Adventure|Sci-Fi	10
1014	Romy and Michele's High School Reunion (1997)	Comedy	11
222	Star Trek: First Contact (1996)	Action|Adventure|Sci-Fi	12
40	To Wong Foo, Thanks for Everything! Julie Newmar (1995)	Comedy	13
29	Batman Forever (1995)	Action|Comedy|Adventure|Crime	14
785	Only You (1994)	Romance|Comedy	15
387	Age of Innocence, The (1993)	Drama	16
274	Sabrina (1995)	Romance|Comedy	17
1042	Just Cause (1995)	Thriller|Mystery	18
1184	Endless Summer 2, The (1994)	Documentary	19
392	Man Without a Face, The (1993)	Drama	20
486	Sabrina (1954)	Romance|Comedy	21
144	Die Hard (1988)	Action|Thriller	22
118	Twister (1996)	Action|Thriller|Adventure	23
1	Toy Story (1995)	Children's|Comedy|Animation	24
546	Broken Arrow (1996)	Action|Thriller	25
95	Aladdin (1992)	Children's|Comedy|Musical|Animation	26
768	Casper (1995)	Children's|Adventure	27
277	Restoration (1995)	Drama	28
234	Jaws (1975)	Action|Horror	29
246	Chasing Amy (1997)	Romance|Drama	30
98	Silence of the Lambs, The (1991)	Thriller|Drama	31
193	Right Stuff, The (1983)	Drama	32
88	Sleepless in Seattle (1993)	Romance|Comedy	33
194	Sting, The (1973)	Comedy|Crime	34
1081	Curdled (1996)	Crime	35
603	Rear Window (1954)	Thriller|Mystery	36
796	Speechless (1994)	Romance|Comedy	37
32	Crumb (1994)	Documentary	38
16	French Twist (Gazon maudit) (1995)	Romance|Comedy	39
304	Fly Away Home (1996)	Children's|Adventure	40
979	Trigger Effect, The (1996)	Thriller|Drama	41
564	Tales from the Hood (1995)	Comedy|Horror	42
327	Cop Land (1997)	Mystery|Crime|Drama	43
201	Evil Dead II (1987)	Action|Comedy|Adventure|Horror	44
1137	Beautiful Thing (1996)	Romance|Drama	45
241	Last of the Mohicans, The (1992)	Action|Romance|War	46
4	Get Shorty (1995)	Action|Comedy|Drama	47
332	Kiss the Girls (1997)	Thriller|Crime|Drama	48
100	Fargo (1996)	Thriller|Crime|Drama	49
432	Fantasia (1940)	Children's|Musical|Animation	50
322	Murder at 1600 (1997)	Thriller|Mystery	51
181	Return of the Jedi (1983)	Action|Romance|Adventure|Sci-Fi|War	52
196	Dead Poets Society (1989)	Drama	53
679	Conan the Barbarian (1981)	Action|Adventure	54
384	Naked Gun 33 1/3: The Final Insult (1994)	Comedy	55
143	Sound of Music, The (1965)	Musical	56
423	E.T. the Extra-Terrestrial (1982)	Children's|Fantasy|Sci-Fi|Drama	57
515	Boot, Das (1981)	Action|War|Drama	58
20	Angels and Insects (1995)	Romance|Drama	59
288	Scream (1996)	Thriller|Horror	60
219	Nightmare on Elm Street, A (1984)	Horror	61
526	Ben-Hur (1959)	Action|Adventure|Drama	62
919	City of Lost Children, The (1995)	Adventure|Sci-Fi	63
26	Brothers McMullen, The (1995)	Comedy	64
232	Young Guns (1988)	Action|Western|Comedy	65
427	To Kill a Mockingbird (1962)	Drama	66
512	Wings of Desire (1987)	Romance|Comedy|Drama	67
15	Mr. Holland's Opus (1995)	Drama	68
1049	House Arrest (1996)	Comedy	69
416	Old Yeller (1957)	Children's|Drama	70
165	Jean de Florette (1986)	Drama	71
690	Seven Years in Tibet (1997)	War|Drama	72
248	Grosse Pointe Blank (1997)	Comedy|Crime	73
1444	That Darn Cat! (1965)	Children's|Mystery|Comedy	74
5	Copycat (1995)	Thriller|Crime|Drama	75
229	Star Trek III: The Search for Spock (1984)	Action|Adventure|Sci-Fi	76
237	Jerry Maguire (1996)	Romance|Drama	77
480	North by Northwest (1959)	Thriller|Comedy	78
54	Outbreak (1995)	Action|Thriller|Drama	79
366	Dangerous Minds (1995)	Drama	80
518	Miller's Crossing (1990)	Drama	81
403	Batman (1989)	Action|Adventure|Crime|Drama	82
111	Truth About Cats & Dogs, The (1996)	Romance|Comedy	83
625	Sword in the Stone, The (1963)	Children's|Animation	84
338	Bean (1997)	Comedy	85
25	Birdcage, The (1996)	Comedy	86
1016	Con Air (1997)	Action|Thriller|Adventure	87
154	Monty Python's Life of Brian (1979)	Comedy	88
275	Sense and Sensibility (1995)	Romance|Drama	89
1153	Backbeat (1993)	Musical|Drama	90
498	African Queen, The (1951)	Action|Romance|Adventure|War	91
382	Adventures of Priscilla, Queen of the Desert, The (1994)	Comedy|Drama	92
209	This Is Spinal Tap (1984)	Comedy|Musical|Drama	93
23	Taxi Driver (1976)	Thriller|Drama	94
294	Liar Liar (1997)	Comedy	95
208	Young Frankenstein (1974)	Comedy|Horror	96
685	Executive Decision (1996)	Action|Thriller	97
328	Conspiracy Theory (1997)	Action|Thriller|Romance|Mystery	98
496	It's a Wonderful Life (1946)	Drama	99
132	Wizard of Oz, The (1939)	Children's|Adventure|Musical|Drama	100
174	Raiders of the Lost Ark (1981)	Action|Adventure	101
96	Terminator 2: Judgment Day (1991)	Action|Thriller|Sci-Fi	102
151	Willy Wonka and the Chocolate Factory (1971)	Children's|Comedy|Adventure	103
307	Devil's Advocate, The (1997)	Thriller|Mystery|Horror|Crime	104
648	Quiet Man, The (1952)	Romance|Comedy	105
21	Muppet Treasure Island (1996)	Action|Thriller|Comedy|Adventure|Musical	106
832	Bogus (1996)	Children's|Fantasy|Drama	107
514	Annie Hall (1977)	Romance|Comedy	108
789	Swimming with Sharks (1995)	Comedy|Drama	109
485	My Fair Lady (1964)	Romance|Musical	110
317	In the Name of the Father (1993)	Drama	111
195	Terminator, The (1984)	Action|Thriller|Sci-Fi	112
200	Shining, The (1980)	Horror	113
385	True Lies (1994)	Action|Romance|Comedy|Adventure	114
750	Amistad (1997)	Drama	115
264	Mimic (1997)	Thriller|Sci-Fi	116
245	Devil's Own, The (1997)	Action|Thriller|War|Drama	117
135	2001: A Space Odyssey (1968)	Thriller|Mystery|Sci-Fi|Drama	118
1147	My Family (1995)	Drama	119
471	Courage Under Fire (1996)	War|Drama	120
658	Pump Up the Volume (1990)	Drama	121
140	Homeward Bound: The Incredible Journey (1993)	Children's|Adventure	122
379	Tales From the Crypt Presents: Demon Knight (1995)	Horror	123
815	One Fine Day (1996)	Romance|Drama	124
479	Vertigo (1958)	Thriller|Mystery	125
368	Bio-Dome (1996)	Comedy	126
1211	Blue Sky (1994)	Romance|Drama	127
1134	Get on the Bus (1996)	Drama	128
836	Ninotchka (1939)	Romance|Comedy	129
272	Good Will Hunting (1997)	Drama	130
756	Father of the Bride Part II (1995)	Comedy	131
787	Roommates (1995)	Comedy|Drama	132
14	Postino, Il (1994)	Romance|Drama	133
955	Before Sunrise (1995)	Romance|Drama	134
419	Mary Poppins (1964)	Children's|Comedy|Musical	135
405	Mission: Impossible (1996)	Action|Mystery|Adventure	136
504	Bonnie and Clyde (1967)	Crime|Drama	137
466	Red Rock West (1992)	Thriller	138
268	Chasing Amy (1997)	Romance|Drama	139
117	Rock, The (1996)	Action|Thriller|Adventure	140
273	Heat (1995)	Action|Thriller|Crime	141
559	Interview with the Vampire (1994)	Horror|Drama	142
794	It Could Happen to You (1994)	Romance|Drama	143
323	Dante's Peak (1997)	Action|Thriller	144
177	Good, The Bad and The Ugly, The (1966)	Action|Western	145
231	Batman Returns (1992)	Action|Comedy|Adventure|Crime	146
2	GoldenEye (1995)	Action|Thriller|Adventure	147
137	Big Night (1996)	Drama	148
1336	Kazaam (1996)	Children's|Fantasy|Comedy	149
164	Abyss, The (1989)	Action|Thriller|Adventure|Sci-Fi	150
281	River Wild, The (1994)	Action|Thriller	151
1240	Ghost in the Shell (Kokaku kidotai) (1995)	Sci-Fi|Animation	152
298	Face/Off (1997)	Action|Thriller|Sci-Fi	153
443	Birds, The (1963)	Horror	154
1035	Cool Runnings (1993)	Comedy	155
79	Fugitive, The (1993)	Action|Thriller	156
258	Contact (1997)	Sci-Fi|Drama	157
455	Jackie Chan's First Strike (1996)	Action	158
755	Jumanji (1995)	Action|Children's|Fantasy|Adventure|Sci-Fi	159
673	Cape Fear (1962)	Thriller|Film-Noir	160
172	Empire Strikes Back, The (1980)	Action|Romance|Adventure|Sci-Fi|War|Drama	161
1217	Assassins (1995)	Thriller	162
719	Canadian Bacon (1994)	Comedy|War	163
1267	Clockers (1995)	Drama	164
930	Chain Reaction (1996)	Action|Thriller|Adventure	165
216	When Harry Met Sally... (1989)	Romance|Comedy	166
1079	Joe's Apartment (1996)	Comedy|Musical	167
452	Jaws 2 (1978)	Action|Horror	168
61	Three Colors: White (1994)	Drama	169
48	Hoop Dreams (1994)	Documentary	170
360	Wonderland (1997)	Documentary	171
77	Firm, The (1993)	Thriller|Drama	172
476	First Wives Club, The (1996)	Comedy	173
483	Casablanca (1942)	Romance|War|Drama	174
748	Saint, The (1997)	Action|Thriller|Romance	175
220	Mirror Has Two Faces, The (1996)	Romance|Comedy	176
255	My Best Friend's Wedding (1997)	Romance|Comedy	177
280	Up Close and Personal (1996)	Romance|Drama	178
202	Groundhog Day (1993)	Romance|Comedy	179
408	Close Shave, A (1995)	Thriller|Comedy|Animation	180
235	Mars Attacks! (1996)	Action|Comedy|Sci-Fi|War	181
228	Star Trek: The Wrath of Khan (1982)	Action|Adventure|Sci-Fi	182
1098	Flirting With Disaster (1996)	Comedy	183
347	Wag the Dog (1997)	Comedy|Drama	184
178	12 Angry Men (1957)	Drama	185
478	Philadelphia Story, The (1940)	Romance|Comedy	186
688	Leave It to Beaver (1997)	Comedy	187
10	Richard III (1995)	War|Drama	188
127	Godfather, The (1972)	Action|Crime|Drama	189
106	Diabolique (1996)	Thriller|Drama	190
69	Forrest Gump (1994)	Romance|Comedy|War	191
944	Renaissance Man (1994)	Comedy|War|Drama	192
790	Tommy Boy (1995)	Comedy	193
1091	Pete's Dragon (1977)	Children's|Adventure|Musical|Animation	194
214	Pink Floyd - The Wall (1982)	Musical|War|Drama	195
1028	Grumpier Old Men (1995)	Romance|Comedy	196
554	Waterworld (1995)	Action|Adventure	197
109	Mystery Science Theater 3000: The Movie (1996)	Comedy|Sci-Fi	198
171	Delicatessen (1991)	Comedy|Sci-Fi	199
318	Schindler's List (1993)	War|Drama	200
568	Speed (1994)	Action|Thriller|Romance	201
842	Pollyanna (1960)	Children's|Comedy|Drama	202
65	What's Eating Gilbert Grape (1993)	Comedy|Drama	203
591	Primal Fear (1996)	Thriller|Drama	204
401	Brady Bunch Movie, The (1995)	Comedy	205
339	Mad City (1997)	Action|Drama	206
746	Real Genius (1985)	Comedy	207
68	Crow, The (1994)	Action|Thriller|Romance	208
7	Twelve Monkeys (1995)	Sci-Fi|Drama	209
1018	Tie Me Up! Tie Me Down! (1990)	Drama	210
218	Cape Fear (1991)	Thriller	211
623	Angels in the Outfield (1994)	Children's|Comedy	212
334	U Turn (1997)	Action|Mystery|Crime	213
344	Apostle, The (1997)	Drama	214
145	Lawnmower Man, The (1992)	Action|Thriller|Sci-Fi	215
56	Pulp Fiction (1994)	Crime|Drama	216
89	Blade Runner (1982)	Film-Noir|Sci-Fi	217
141	20,000 Leagues Under the Sea (1954)	Children's|Fantasy|Adventure|Sci-Fi	218
576	Cliffhanger (1993)	Action|Adventure|Crime	219
133	Gone with the Wind (1939)	Romance|War|Drama	220
153	Fish Called Wanda, A (1988)	Comedy	221
813	Celluloid Closet, The (1995)	Documentary	222
872	Love Jones (1997)	Romance	223
146	Unhook the Stars (1996)	Drama	224
507	Streetcar Named Desire, A (1951)	Drama	225
367	Clueless (1995)	Comedy	226
468	Rudy (1993)	Drama	227
595	Fan, The (1996)	Thriller	228
11	Seven (Se7en) (1995)	Thriller|Crime	229
520	Great Escape, The (1963)	Adventure|War	230
82	Jurassic Park (1993)	Action|Adventure|Sci-Fi	231
501	Dumbo (1941)	Children's|Musical|Animation	232
3	Four Rooms (1995)	Thriller	233
695	Kicking and Screaming (1995)	Comedy|Drama	234
198	Nikita (La Femme Nikita) (1990)	Thriller	235
189	Grand Day Out, A (1992)	Comedy|Animation	236
767	Addiction, The (1995)	Horror	237
705	Singin' in the Rain (1952)	Romance|Musical	238
64	Shawshank Redemption, The (1994)	Drama	239
357	One Flew Over the Cuckoo's Nest (1975)	Drama	240
484	Maltese Falcon, The (1941)	Mystery|Film-Noir	241
508	People vs. Larry Flynt, The (1996)	Drama	242
303	Ulee's Gold (1997)	Drama	243
215	Field of Dreams (1989)	Drama	244
749	MatchMaker, The (1997)	Romance|Comedy	245
829	Fled (1996)	Action|Adventure	246
204	Back to the Future (1985)	Comedy|Sci-Fi	247
1295	Kicked in the Head (1997)	Comedy|Drama	248
33	Desperado (1995)	Action|Thriller|Romance	249
160	Glengarry Glen Ross (1992)	Drama	250
321	Mother (1996)	Comedy	251
343	Alien: Resurrection (1997)	Action|Sci-Fi|Horror	252
227	Star Trek VI: The Undiscovered Country (1991)	Action|Adventure|Sci-Fi	253
191	Amadeus (1984)	Mystery|Drama	254
903	Afterglow (1997)	Romance|Drama	255
183	Alien (1979)	Action|Thriller|Sci-Fi|Horror	256
724	Circle of Friends (1995)	Romance|Drama	257
430	Duck Soup (1933)	Comedy|War	258
1197	Family Thing, A (1996)	Comedy|Drama	259
134	Citizen Kane (1941)	Drama	260
751	Tomorrow Never Dies (1997)	Action|Thriller|Romance	261
212	Unbearable Lightness of Being, The (1988)	Drama	262
256	When the Cats Away (Chacun cherche son chat) (1996)	Romance|Comedy	263
662	Somewhere in Time (1980)	Romance|Drama	264
984	Shadow Conspiracy (1997)	Thriller	265
1067	Bottle Rocket (1996)	Comedy	266
410	Kingpin (1996)	Comedy	267
879	Peacemaker, The (1997)	Action|Thriller|War	268
271	Starship Troopers (1997)	Action|Adventure|Sci-Fi|War	269
1086	It's My Party (1995)	Drama	270
649	Once Upon a Time in America (1984)	Thriller|Crime|Drama	271
951	Indian in the Cupboard, The (1995)	Children's|Fantasy|Adventure	272
197	Graduate, The (1967)	Romance|Drama	273
678	Volcano (1997)	Thriller|Drama	274
199	Bridge on the River Kwai, The (1957)	War|Drama	275
709	Strictly Ballroom (1992)	Romance|Comedy	276
169	Wrong Trousers, The (1993)	Comedy|Animation	277
597	Eraser (1996)	Action|Thriller	278
1393	Stag (1997)	Action|Thriller	279
333	Game, The (1997)	Thriller|Mystery	280
1115	Twelfth Night (1996)	Romance|Comedy|Drama	281
577	Coneheads (1993)	Comedy|Sci-Fi	282
378	Miracle on 34th Street (1994)	Drama	283
425	Bob Roberts (1992)	Comedy	284
959	Dazed and Confused (1993)	Comedy	285
1224	Scout, The (1994)	Drama	286
1017	Trees Lounge (1996)	Drama	287
175	Brazil (1985)	Sci-Fi	288
286	English Patient, The (1996)	Romance|War|Drama	289
558	Heavenly Creatures (1994)	Thriller|Fantasy|Drama	290
66	While You Were Sleeping (1995)	Romance|Comedy	291
206	Akira (1988)	Thriller|Adventure|Sci-Fi|Animation	292
402	Ghost (1990)	Thriller|Romance|Comedy	293
640	Cook the Thief His Wife & Her Lover, The (1989)	Drama	294
522	Down by Law (1986)	Comedy|Drama	295
62	Stargate (1994)	Action|Adventure|Sci-Fi	296
12	Usual Suspects, The (1995)	Thriller|Crime	297
291	Absolute Power (1997)	Thriller|Mystery	298
462	Like Water For Chocolate (Como agua para chocolate) (1992)	Romance|Drama	299
612	Lost Horizon (1937)	Drama	300
758	Lawnmower Man 2: Beyond Cyberspace (1996)	Thriller|Sci-Fi	301
845	That Thing You Do! (1996)	Comedy	302
163	Return of the Pink Panther, The (1974)	Comedy	303
1451	Foreign Correspondent (1940)	Thriller	304
250	Fifth Element, The (1997)	Action|Sci-Fi	305
823	Mulholland Falls (1996)	Thriller|Film-Noir|Crime	306
186	Blues Brothers, The (1980)	Action|Comedy|Musical	307
731	Corrina, Corrina (1994)	Romance|Comedy|Drama	308
71	Lion King, The (1994)	Children's|Musical|Animation	309
781	French Kiss (1995)	Romance|Comedy	310
176	Aliens (1986)	Action|Thriller|Sci-Fi|War	311
1181	Low Down Dirty Shame, A (1994)	Action|Comedy	312
78	Free Willy (1993)	Children's|Adventure|Drama	313
436	American Werewolf in London, An (1981)	Horror	314
631	Crying Game, The (1992)	Action|Romance|War|Drama	315
716	Home for the Holidays (1995)	Romance|Drama	316
188	Full Metal Jacket (1987)	Action|War|Drama	317
699	Little Women (1994)	Drama	318
604	It Happened One Night (1934)	Comedy	319
97	Dances with Wolves (1990)	Western|Adventure|Drama	320
173	Princess Bride, The (1987)	Action|Romance|Comedy|Adventure	321
460	Crossing Guard, The (1995)	Drama	322
715	To Die For (1995)	Comedy|Drama	323
17	From Dusk Till Dawn (1996)	Action|Thriller|Comedy|Horror|Crime	324
315	Apt Pupil (1998)	Thriller|Drama	325
505	Dial M for Murder (1954)	Thriller|Mystery	326
279	Once Upon a Time... When We Were Colored (1995)	Drama	327
80	Hot Shots! Part Deux (1993)	Action|Comedy|War	328
238	Raising Arizona (1987)	Comedy	329
60	Three Colors: Blue (1993)	Drama	330
325	Crash (1996)	Thriller|Drama	331
407	Spy Hard (1996)	Comedy	332
531	Shine (1996)	Romance|Drama	333
587	Hour of the Pig, The (1993)	Mystery|Drama	334
892	Flubber (1997)	Children's|Fantasy|Comedy	335
1047	Multiplicity (1996)	Comedy	336
47	Ed Wood (1994)	Comedy|Drama	337
217	Bram Stoker's Dracula (1992)	Romance|Horror	338
259	George of the Jungle (1997)	Children's|Comedy	339
596	Hunchback of Notre Dame, The (1996)	Children's|Musical|Animation	340
960	Naked (1993)	Drama	341
211	M*A*S*H (1970)	Comedy|War	342
938	Smile Like Yours, A (1997)	Romance|Comedy	343
1060	Adventures of Pinocchio, The (1996)	Children's|Adventure	344
404	Pinocchio (1940)	Children's|Animation	345
305	Ice Storm, The (1997)	Drama	346
210	Indiana Jones and the Last Crusade (1989)	Action|Adventure	347
278	Bed of Roses (1996)	Romance|Drama	348
770	Devil in a Blue Dress (1995)	Thriller|Mystery|Film-Noir|Crime	349
252	Lost World: Jurassic Park, The (1997)	Action|Thriller|Adventure|Sci-Fi	350
156	Reservoir Dogs (1992)	Thriller|Crime	351
1110	Tank Girl (1995)	Action|Comedy|Sci-Fi|Musical	352
350	Fallen (1998)	Action|Thriller|Mystery	353
431	Highlander (1986)	Action|Adventure	354
475	Trainspotting (1996)	Drama	355
182	GoodFellas (1990)	Crime|Drama	356
50	Star Wars (1977)	Action|Romance|Adventure|Sci-Fi|War	357
365	Powder (1995)	Drama	358
187	Godfather: Part II, The (1974)	Action|Crime|Drama	359
289	Evita (1996)	Musical|Drama	360
185	Psycho (1960)	Thriller|Romance|Horror	361
712	Tin Men (1987)	Comedy|Drama	362
94	Home Alone (1990)	Children's|Comedy	363
742	Ransom (1996)	Thriller|Drama	364
762	Beautiful Girls (1996)	Drama	365
732	Dave (1993)	Romance|Comedy	366
168	Monty Python and the Holy Grail (1974)	Comedy	367
550	Die Hard: With a Vengeance (1995)	Action|Thriller	368
849	Days of Thunder (1990)	Action|Romance	369
406	Thinner (1996)	Thriller|Horror	370
150	Swingers (1996)	Comedy|Drama	371
869	Fools Rush In (1997)	Romance|Comedy	372
184	Army of Darkness (1993)	Action|Comedy|Adventure|Sci-Fi|Horror	373
371	Bridges of Madison County, The (1995)	Romance|Drama	374
720	First Knight (1995)	Action|Romance|Adventure|Drama	375
873	Picture Perfect (1997)	Romance|Comedy	376
381	Muriel's Wedding (1994)	Romance|Comedy	377
922	Dead Man (1995)	Western	378
57	Priest (1994)	Drama	379
306	Mrs. Brown (Her Majesty, Mrs. Brown) (1997)	Romance|Drama	380
370	Mary Reilly (1996)	Thriller|Drama	381
249	Austin Powers: International Man of Mystery (1997)	Comedy	382
721	Mallrats (1995)	Comedy	383
611	Laura (1944)	Mystery|Film-Noir|Crime	384
142	Bedknobs and Broomsticks (1971)	Children's|Adventure|Musical	385
943	Killing Zoe (1994)	Thriller	386
126	Spitfire Grill, The (1996)	Drama	387
824	Great White Hype, The (1996)	Comedy	388
8	Babe (1995)	Children's|Comedy|Drama	389
58	Quiz Show (1994)	Drama	390
680	Kull the Conqueror (1997)	Action|Adventure	391
741	Last Supper, The (1995)	Thriller|Drama	392
1061	Evening Star, The (1996)	Comedy|Drama	393
448	Omen, The (1976)	Horror	394
900	Kundun (1997)	Drama	395
941	With Honors (1994)	Comedy|Drama	396
905	Great Expectations (1998)	Romance|Drama	397
55	Professional, The (1994)	Thriller|Romance|Crime|Drama	398
744	Michael Collins (1996)	War|Drama	399
642	Grifters, The (1990)	Film-Noir|Crime|Drama	400
1015	Shiloh (1997)	Children's|Drama	401
121	Independence Day (ID4) (1996)	Action|Sci-Fi|War	402
301	In & Out (1997)	Comedy	403
81	Hudsucker Proxy, The (1994)	Romance|Comedy	404
284	Tin Cup (1996)	Romance|Comedy	405
740	Jane Eyre (1996)	Romance|Drama	406
22	Braveheart (1995)	Action|War|Drama	407
864	My Fellow Americans (1996)	Comedy	408
1099	Red Firecracker, Green Firecracker (1994)	Drama	409
961	Orlando (1993)	Drama	410
812	Andre (1994)	Children's|Adventure	411
240	Beavis and Butt-head Do America (1996)	Comedy|Animation	412
376	Houseguest (1994)	Comedy	413
931	Island of Dr. Moreau, The (1996)	Thriller|Sci-Fi	414
717	Juror, The (1996)	Thriller|Drama	415
399	Three Musketeers, The (1993)	Action|Comedy|Adventure	416
1039	Hamlet (1996)	Drama	417
1114	Faithful (1996)	Comedy	418
292	Rosewood (1997)	Drama	419
561	Mary Shelley's Frankenstein (1994)	Horror|Drama	420
901	Mr. Magoo (1997)	Comedy	421
70	Four Weddings and a Funeral (1994)	Romance|Comedy	422
417	Parent Trap, The (1961)	Children's|Drama	423
809	Rising Sun (1993)	Action|Mystery|Drama	424
540	Money Train (1995)	Action	425
293	Donnie Brasco (1997)	Crime|Drama	426
497	Bringing Up Baby (1938)	Comedy	427
1462	Thieves (Voleurs, Les) (1996)	Romance|Crime|Drama	428
1246	Bushwhacked (1995)	Comedy	429
655	Stand by Me (1986)	Comedy|Adventure|Drama	430
13	Mighty Aphrodite (1995)	Comedy	431
588	Beauty and the Beast (1991)	Children's|Musical|Animation	432
409	Jack (1996)	Comedy|Drama	433
739	Pretty Woman (1990)	Romance|Comedy	434
661	High Noon (1952)	Western	435
665	Alien 3 (1992)	Action|Thriller|Sci-Fi|Horror	436
692	American President, The (1995)	Romance|Comedy|Drama	437
439	Amityville: A New Generation (1993)	Horror	438
632	Sophie's Choice (1982)	Drama	439
1198	Purple Noon (1960)	Thriller|Crime	440
609	Father of the Bride (1950)	Comedy	441
225	101 Dalmatians (1996)	Children's|Comedy	442
128	Supercop (1992)	Action|Thriller	443
866	Michael (1996)	Romance|Comedy	444
295	Breakdown (1997)	Action|Thriller	445
49	I.Q. (1994)	Romance|Comedy	446
707	Enchanted April (1991)	Drama	447
586	Terminal Velocity (1994)	Action	448
593	Stalingrad (1993)	War	449
147	Long Kiss Goodnight, The (1996)	Action|Thriller	450
1220	Higher Learning (1995)	Drama	451
492	East of Eden (1955)	Drama	452
620	Chamber, The (1996)	Drama	453
161	Top Gun (1986)	Action|Romance	454
1070	Living in Oblivion (1995)	Comedy	455
449	Star Trek: The Motion Picture (1979)	Action|Adventure|Sci-Fi	456
948	Booty Call (1997)	Romance|Comedy	457
509	My Left Foot (1989)	Drama	458
870	Touch (1997)	Romance	459
39	Strange Days (1995)	Action|Sci-Fi|Crime	460
1100	What Happened Was... (1994)	Romance|Comedy|Drama	461
820	Space Jam (1996)	Children's|Fantasy|Comedy|Adventure|Animation	462
660	Fried Green Tomatoes (1991)	Drama	463
1022	Fast, Cheap & Out of Control (1997)	Documentary	464
120	Striptease (1996)	Comedy|Crime	465
780	Dumb & Dumber (1994)	Comedy	466
44	Dolores Claiborne (1994)	Thriller|Drama	467
686	Perfect World, A (1993)	Action|Drama	468
28	Apollo 13 (1995)	Action|Thriller|Drama	469
729	Nell (1994)	Drama	470
52	Madness of King George, The (1994)	Drama	471
230	Star Trek IV: The Voyage Home (1986)	Action|Adventure|Sci-Fi	472
506	Rebel Without a Cause (1955)	Drama	473
566	Clear and Present Danger (1994)	Action|Thriller|Adventure	474
774	Prophecy, The (1995)	Horror	475
1003	That Darn Cat! (1997)	Children's|Mystery|Comedy	476
433	Heathers (1989)	Comedy	477
99	Snow White and the Seven Dwarfs (1937)	Children's|Musical|Animation	478
1288	Denise Calls Up (1995)	Comedy	479
190	Henry V (1989)	War|Drama	480
1010	Basquiat (1996)	Drama	481
877	Excess Baggage (1997)	Romance|Adventure	482
487	Roman Holiday (1953)	Romance|Comedy	483
1052	Dracula: Dead and Loving It (1995)	Comedy|Horror	484
287	Marvin's Room (1996)	Drama	485
659	Arsenic and Old Lace (1944)	Thriller|Mystery|Comedy	486
927	Flower of My Secret, The (Flor de mi secreto, La) (1995)	Drama	487
696	City Hall (1996)	Thriller|Drama	488
269	Full Monty, The (1997)	Comedy	489
179	Clockwork Orange, A (1971)	Sci-Fi	490
440	Amityville II: The Possession (1982)	Horror	491
806	Menace II Society (1993)	Action|Crime|Drama	492
572	Blown Away (1994)	Action|Thriller	493
654	Chinatown (1974)	Thriller|Mystery|Film-Noir	494
324	Lost Highway (1997)	Mystery	495
736	Shadowlands (1993)	Romance|Drama	496
92	True Romance (1993)	Action|Romance|Crime	497
461	Smoke (1995)	Drama	498
129	Bound (1996)	Thriller|Romance|Crime|Drama	499
9	Dead Man Walking (1995)	Drama	500
152	Sleeper (1973)	Comedy|Sci-Fi	501
233	Under Siege (1992)	Action	502
589	Wild Bunch, The (1969)	Western	503
203	Unforgiven (1992)	Western	504
1034	Quest, The (1996)	Action|Adventure	505
923	Raise the Red Lantern (1991)	Drama	506
463	Secret of Roan Inish, The (1994)	Adventure	507
122	Cable Guy, The (1996)	Comedy	508
310	Rainmaker, The (1997)	Drama	509
285	Secrets & Lies (1996)	Drama	510
447	Carrie (1976)	Horror	511
412	Very Brady Sequel, A (1996)	Comedy	512
1428	SubUrbia (1997)	Comedy	513
977	Substitute, The (1996)	Action	514
1065	Koyaanisqatsi (1983)	Documentary|War	515
421	William Shakespeare's Romeo and Juliet (1996)	Romance|Drama	516
937	Thousand Acres, A (1997)	Drama	517
583	Romeo Is Bleeding (1993)	Thriller|Crime	518
110	Operation Dumbo Drop (1995)	Action|Comedy|Adventure|War	519
251	Shall We Dance? (1996)	Comedy	520
831	Escape from L.A. (1996)	Action|Thriller|Adventure|Sci-Fi	521
543	Misérables, Les (1995)	Musical|Drama	522
926	Down Periscope (1996)	Comedy	523
155	Dirty Dancing (1987)	Romance|Musical	524
53	Natural Born Killers (1994)	Action|Thriller	525
393	Mrs. Doubtfire (1993)	Comedy	526
91	Nightmare Before Christmas, The (1993)	Children's|Comedy|Musical	527
477	Matilda (1996)	Children's|Comedy	528
472	Dragonheart (1996)	Action|Fantasy|Adventure	529
761	Nick of Time (1995)	Action|Thriller	530
1286	Shall We Dance? (1937)	Romance|Comedy|Musical	531
93	Welcome to the Dollhouse (1995)	Comedy|Drama	532
644	Thin Blue Line, The (1988)	Documentary	533
982	Maximum Risk (1996)	Action|Thriller|Adventure	534
491	Adventures of Robin Hood, The (1938)	Action|Adventure	535
511	Lawrence of Arabia (1962)	Adventure|War	536
397	Striking Distance (1993)	Action	537
162	On Golden Pond (1981)	Drama	538
513	Third Man, The (1949)	Thriller|Mystery	539
375	Showgirls (1995)	Drama	540
38	Net, The (1995)	Thriller|Sci-Fi	541
418	Cinderella (1950)	Children's|Musical|Animation	542
131	Breakfast at Tiffany's (1961)	Romance|Drama	543
87	Searching for Bobby Fischer (1993)	Drama	544
725	Exit to Eden (1994)	Comedy	545
72	Mask, The (1994)	Fantasy|Comedy|Crime	546
663	Being There (1979)	Comedy	547
1133	Escape to Witch Mountain (1975)	Children's|Fantasy|Adventure	548
125	Phenomenon (1996)	Romance|Drama	549
1248	Blink (1994)	Thriller	550
354	Wedding Singer, The (1998)	Romance|Comedy	551
105	Sgt. Bilko (1996)	Comedy	552
73	Maverick (1994)	Action|Western|Comedy	553
239	Sneakers (1992)	Sci-Fi|Crime|Drama	554
860	Believers, The (1987)	Thriller|Horror	555
1046	Malice (1993)	Thriller	556
1178	Major Payne (1994)	Comedy	557
523	Cool Hand Luke (1967)	Comedy|Drama	558
634	Microcosmos: Le peuple de l'herbe (1996)	Documentary	559
1245	Gridlock'd (1997)	Crime	560
974	Eye for an Eye (1996)	Thriller|Drama	561
619	Extreme Measures (1996)	Thriller|Drama	562
107	Moll Flanders (1996)	Drama	563
213	Room with a View, A (1986)	Romance|Drama	564
319	Everyone Says I Love You (1996)	Romance|Comedy|Musical	565
963	Some Folks Call It a Sling Blade (1993)	Thriller|Drama	566
875	She's So Lovely (1997)	Romance|Drama	567
180	Apocalypse Now (1979)	War|Drama	568
1033	Homeward Bound II: Lost in San Francisco (1996)	Children's|Adventure	569
380	Star Trek: Generations (1994)	Action|Adventure|Sci-Fi	570
59	Three Colors: Red (1994)	Drama	571
1078	Oliver & Company (1988)	Children's|Animation	572
585	Son in Law (1993)	Comedy	573
148	Ghost and the Darkness, The (1996)	Action|Adventure	574
683	Rocket Man (1997)	Comedy	575
454	Bastard Out of Carolina (1996)	Drama	576
737	Sirens (1994)	Comedy|Drama	577
524	Great Dictator, The (1940)	Comedy	578
995	Kiss Me, Guido (1997)	Comedy	579
616	Night of the Living Dead (1968)	Sci-Fi|Horror	580
945	Charade (1963)	Thriller|Romance|Mystery|Comedy	581
299	Hoodlum (1997)	Film-Noir|Crime|Drama	582
792	Bullets Over Broadway (1994)	Comedy	583
708	Sex, Lies, and Videotape (1989)	Drama	584
950	Georgia (1995)	Drama	585
27	Bad Boys (1995)	Action	586
747	Benny & Joon (1993)	Romance|Comedy	587
85	Ref, The (1994)	Comedy	588
516	Local Hero (1983)	Comedy	589
1063	Little Princess, A (1995)	Children's|Drama	590
682	I Know What You Did Last Summer (1997)	Thriller|Mystery|Horror	591
221	Breaking the Waves (1996)	Drama	592
1150	Last Dance (1996)	Drama	593
847	Looking for Richard (1996)	Documentary|Drama	594
138	D3: The Mighty Ducks (1996)	Children's|Comedy	595
517	Manhattan (1979)	Romance|Comedy|Drama	596
283	Emma (1996)	Romance|Drama	597
602	American in Paris, An (1951)	Romance|Musical	598
573	Body Snatchers (1993)	Thriller|Sci-Fi|Horror	599
617	Blue Angel, The (Blaue Engel, Der) (1930)	Drama	600
569	Wolf (1994)	Horror|Drama	601
703	Widows' Peak (1994)	Drama	602
386	Addams Family Values (1993)	Comedy	603
331	Edge, The (1997)	Thriller|Adventure	604
355	Sphere (1998)	Thriller|Adventure|Sci-Fi	605
949	How to Make an American Quilt (1995)	Romance|Drama	606
488	Sunset Blvd. (1950)	Film-Noir	607
114	Wallace & Gromit: The Best of Aardman Animation (1996)	Animation	608
24	Rumble in the Bronx (1995)	Action|Adventure|Crime	609
763	Happy Gilmore (1996)	Comedy	610
43	Disclosure (1994)	Thriller|Drama	611
953	Unstrung Heroes (1995)	Comedy|Drama	612
670	Body Snatchers (1993)	Thriller|Sci-Fi|Horror	613
510	Magnificent Seven, The (1954)	Action|Western|Drama	614
372	Jeffrey (1995)	Comedy	615
335	How to Be a Player (1997)	Comedy	616
779	Drop Zone (1994)	Action	617
435	Butch Cassidy and the Sundance Kid (1969)	Action|Western|Comedy	618
223	Sling Blade (1996)	Thriller|Drama	619
835	Gay Divorcee, The (1934)	Romance|Comedy|Musical	620
263	Steel (1997)	Action	621
450	Star Trek V: The Final Frontier (1989)	Action|Adventure|Sci-Fi	622
651	Glory (1989)	Action|War|Drama	623
316	As Good As It Gets (1997)	Comedy|Drama	624
929	Harriet the Spy (1996)	Children's|Comedy	625
580	Englishman Who Went Up a Hill, But Came Down a Mountain, The (1995)	Romance|Comedy	626
1041	Forget Paris (1995)	Romance|Comedy	627
424	Children of the Corn: The Gathering (1996)	Horror	628
429	Day the Earth Stood Still, The (1951)	Sci-Fi|Drama	629
868	Hearts and Minds (1996)	Drama	630
1161	Palookaville (1996)	Action|Drama	631
166	Manon of the Spring (Manon des sources) (1986)	Drama	632
1162	Phat Beach (1996)	Comedy	633
1019	Die xue shuang xiong (Killer, The) (1989)	Action|Thriller	634
908	Half Baked (1998)	Comedy	635
1160	Love! Valour! Compassion! (1997)	Romance|Drama	636
676	Crucible, The (1996)	Drama	637
1012	Private Parts (1997)	Comedy|Drama	638
1209	Mixed Nuts (1994)	Comedy	639
693	Casino (1995)	Drama	640
282	Time to Kill, A (1996)	Drama	641
253	Pillow Book, The (1995)	Romance|Drama	642
428	Harold and Maude (1971)	Comedy	643
363	Sudden Death (1995)	Action	644
300	Air Force One (1997)	Action|Thriller	645
1346	Dingo (1992)	Drama	646
1119	Some Kind of Wonderful (1987)	Romance|Drama	647
674	Cat People (1982)	Horror	648
411	Nutty Professor, The (1996)	Romance|Fantasy|Comedy|Sci-Fi	649
527	Gandhi (1982)	Drama	650
1397	Of Human Bondage (1934)	Drama	651
807	Poetic Justice (1993)	Drama	652
657	Manchurian Candidate, The (1962)	Thriller|Film-Noir	653
1142	When We Were Kings (1996)	Documentary	654
113	Horseman on the Roof, The (Hussard sur le toit, Le) (1995)	Drama	655
426	Transformers: The Movie, The (1986)	Action|Thriller|Children's|Sci-Fi|War|Animation	656
1109	Death and the Maiden (1994)	Thriller|Drama	657
116	Cold Comfort Farm (1995)	Comedy	658
898	Postman, The (1997)	Drama	659
723	Boys on the Side (1995)	Comedy|Drama	660
243	Jungle2Jungle (1997)	Children's|Comedy	661
582	Piano, The (1993)	Romance|Drama	662
778	Don Juan DeMarco (1995)	Romance|Comedy|Drama	663
308	FairyTale: A True Story (1997)	Children's|Fantasy|Drama	664
1007	Waiting for Guffman (1996)	Comedy	665
641	Paths of Glory (1957)	War|Drama	666
1165	Big Bully (1996)	Comedy|Drama	667
764	If Lucy Fell (1996)	Romance|Comedy	668
1011	2 Days in the Valley (1996)	Crime	669
1101	Six Degrees of Separation (1993)	Mystery|Drama	670
396	Serial Mom (1994)	Comedy|Horror|Crime	671
904	Ma vie en rose (My Life in Pink) (1997)	Comedy|Drama	672
312	Midnight in the Garden of Good and Evil (1997)	Mystery|Comedy|Crime|Drama	673
1048	She's the One (1996)	Romance|Comedy	674
627	Robin Hood: Prince of Thieves (1991)	Drama	675
571	Another Stakeout (1993)	Thriller|Comedy	676
552	Species (1995)	Sci-Fi	677
1278	Selena (1997)	Musical|Drama	678
499	Cat on a Hot Tin Roof (1958)	Drama	679
1057	Pallbearer, The (1996)	Comedy	680
207	Cyrano de Bergerac (1990)	Action|Romance|Drama	681
309	Deceiver (1997)	Crime	682
671	Bride of Frankenstein (1935)	Horror	683
83	Much Ado About Nothing (1993)	Romance|Comedy	684
482	Some Like It Hot (1959)	Comedy|Crime	685
276	Leaving Las Vegas (1995)	Romance|Drama	686
1094	Thin Line Between Love and Hate, A (1996)	Comedy	687
647	Ran (1985)	War|Drama	688
578	Demolition Man (1993)	Action|Sci-Fi	689
1021	8 1/2 (1963)	Drama	690
886	Life Less Ordinary, A (1997)	Thriller|Romance	691
1151	Original Gangstas (1996)	Crime	692
855	Diva (1981)	Action|Thriller|Romance|Mystery|Drama	693
942	What's Love Got to Do with It (1993)	Drama	694
826	Phantom, The (1996)	Adventure	695
1044	Paper, The (1994)	Comedy|Drama	696
254	Batman & Robin (1997)	Action|Adventure|Crime	697
290	Fierce Creatures (1997)	Comedy	698
848	Murder, My Sweet (1944)	Thriller|Film-Noir	699
542	Pocahontas (1995)	Romance|Children's|Musical|Animation	700
581	Kalifornia (1993)	Thriller|Drama	701
1229	Poison Ivy II (1995)	Thriller|Drama	702
718	In the Bleak Midwinter (1995)	Comedy	703
337	House of Yes, The (1997)	Thriller|Comedy|Drama	704
1107	Beyond Rangoon (1995)	Drama	705
539	Mouse Hunt (1997)	Children's|Comedy	706
821	Mrs. Winterbourne (1996)	Romance|Comedy	707
364	Ace Ventura: When Nature Calls (1995)	Comedy	708
553	Walk in the Clouds, A (1995)	Romance|Drama	709
313	Titanic (1997)	Action|Romance|Drama	710
1218	Friday (1995)	Comedy	711
115	Haunted World of Edward D. Wood Jr., The (1995)	Documentary	712
1129	Chungking Express (1994)	Romance|Mystery|Drama	713
493	Thin Man, The (1934)	Mystery	714
36	Mad Love (1995)	Romance|Drama	715
205	Patton (1970)	War|Drama	716
102	Aristocats, The (1970)	Children's|Animation	717
1249	For Love or Money (1993)	Comedy	718
773	Mute Witness (1994)	Thriller	719
494	His Girl Friday (1940)	Comedy	720
192	Raging Bull (1980)	Drama	721
687	McHale's Navy (1997)	Comedy|War	722
772	Kids (1995)	Drama	723
921	Farewell My Concubine (1993)	Romance|Drama	724
42	Clerks (1994)	Comedy	725
469	Short Cuts (1993)	Drama	726
874	Career Girls (1997)	Drama	727
1216	Kissed (1996)	Romance	728
1139	Hackers (1995)	Action|Thriller|Crime	729
547	Young Poisoner's Handbook, The (1995)	Crime	730
157	Platoon (1986)	War|Drama	731
1208	Kiss of Death (1995)	Thriller|Crime|Drama	732
1157	Relic, The (1997)	Horror	733
808	Program, The (1993)	Action|Drama	734
906	Oscar & Lucinda (1997)	Romance|Drama	735
535	Addicted to Love (1997)	Romance|Comedy	736
470	Tombstone (1993)	Western	737
714	Carrington (1995)	Romance|Drama	738
939	Murder in the First (1995)	Thriller|Drama	739
738	Threesome (1994)	Romance|Comedy	740
525	Big Sleep, The (1946)	Mystery|Film-Noir	741
340	Boogie Nights (1997)	Drama	742
1037	Grease 2 (1982)	Romance|Comedy|Musical	743
530	Man Who Would Be King, The (1975)	Adventure	744
528	Killing Fields, The (1984)	War|Drama	745
754	Red Corner (1997)	Thriller|Crime	746
771	Johnny Mnemonic (1995)	Action|Thriller|Sci-Fi	747
226	Die Hard 2 (1990)	Action|Thriller	748
1383	Second Jungle Book: Mowgli & Baloo, The (1997)	Children's|Adventure	749
745	Ruling Class, The (1972)	Comedy	750
1316	Horse Whisperer, The (1998)	Drama	751
846	To Gillian on Her 37th Birthday (1996)	Romance|Drama	752
605	Meet Me in St. Louis (1944)	Musical	753
575	City Slickers II: The Legend of Curly's Gold (1994)	Western|Comedy	754
1284	Before and After (1996)	Mystery|Drama	755
1298	Band Wagon, The (1953)	Comedy|Musical	756
529	My Life as a Dog (Mitt liv som hund) (1985)	Drama	757
743	Crow: City of Angels, The (1996)	Action|Thriller	758
840	Last Man Standing (1996)	Action|Western|Drama	759
244	Smilla's Sense of Snow (1997)	Action|Thriller|Drama	760
760	Screamers (1995)	Sci-Fi	761
1006	Until the End of the World (Bis ans Ende der Welt) (1991)	Sci-Fi|Drama	762
1228	Under Siege 2: Dark Territory (1995)	Action	763
1095	High School High (1996)	Comedy	764
34	Doom Generation, The (1995)	Comedy|Drama	765
103	All Dogs Go to Heaven 2 (1996)	Children's|Musical|Animation	766
441	Amityville Horror, The (1979)	Horror	767
90	So I Married an Axe Murderer (1993)	Thriller|Romance|Comedy	768
1005	Double vie de Véronique, La (Double Life of Veronique, The) (1991)	Drama	769
863	Garden of Finzi-Contini, The (Giardino dei Finzi-Contini, Il) (1970)	Drama	770
473	James and the Giant Peach (1996)	Children's|Musical|Animation	771
1281	Manny & Lo (1996)	Drama	772
356	Client, The (1994)	Thriller|Mystery|Drama	773
630	Great Race, The (1965)	Comedy|Musical	774
793	Crooklyn (1994)	Comedy	775
766	Man of the Year (1995)	Documentary	776
1206	Amos & Andrew (1993)	Comedy	777
980	Mother Night (1996)	Drama	778
1263	Foxfire (1996)	Drama	779
1376	Meet Wally Sparks (1997)	Comedy	780
1182	Cops and Robbersons (1994)	Comedy	781
457	Free Willy 3: The Rescue (1997)	Children's|Adventure|Drama	782
710	Better Off Dead... (1985)	Comedy	783
615	39 Steps, The (1935)	Thriller	784
101	Heavy Metal (1981)	Action|Adventure|Sci-Fi|Horror|Animation	785
697	Basketball Diaries, The (1995)	Drama	786
1199	Cemetery Man (Dellamorte Dellamore) (1994)	Comedy|Horror	787
395	Robin Hood: Men in Tights (1993)	Comedy	788
983	Rich Man's Wife, The (1996)	Thriller	789
684	In the Line of Fire (1993)	Action|Thriller	790
971	Mediterraneo (1991)	Comedy|War	791
1116	Mark of Zorro, The (1940)	Adventure	792
556	Wild Bill (1995)	Western	793
853	Braindead (1992)	Comedy|Horror	794
311	Wings of the Dove, The (1997)	Thriller|Romance|Drama	795
1073	Shallow Grave (1994)	Thriller	796
975	Fear (1996)	Thriller	797
361	Incognito (1997)	Thriller|Crime	798
704	House of the Spirits, The (1993)	Romance|Drama	799
997	Stuart Saves His Family (1995)	Comedy	800
260	Event Horizon (1997)	Action|Thriller|Mystery|Sci-Fi	801
990	Anna Karenina (1997)	Romance|Drama	802
969	Winnie the Pooh and the Blustery Day (1968)	Children's|Animation	803
167	Private Benjamin (1980)	Comedy	804
650	Seventh Seal, The (Sjunde inseglet, Det) (1957)	Drama	805
320	Paradise Lost: The Child Murders at Robin Hood Hills (1996)	Documentary	806
63	Santa Clause, The (1994)	Children's|Comedy	807
965	Funny Face (1957)	Comedy|Musical	808
652	Rosencrantz and Guildenstern Are Dead (1990)	Comedy|Drama	809
1059	Don't Be a Menace to South Central While Drinking Your Juice in the Hood (1996)	Comedy	810
882	Washington Square (1997)	Drama	811
1164	Zeus and Roxanne (1997)	Children's	812
1207	Jade (1995)	Thriller	813
786	Perez Family, The (1995)	Romance|Comedy	814
614	Giant (1956)	Drama	815
810	Shadow, The (1994)	Action	816
1222	Judgment Night (1993)	Action	817
139	Love Bug, The (1969)	Children's|Comedy	818
769	Congo (1995)	Action|Mystery|Adventure|Sci-Fi	819
765	Boomerang (1992)	Romance|Comedy	820
67	Ace Ventura: Pet Detective (1994)	Comedy	821
624	Three Caballeros, The (1945)	Children's|Musical|Animation	822
1001	Stupids, The (1996)	Comedy	823
797	Timecop (1994)	Action|Sci-Fi	824
883	Telling Lies in America (1997)	Drama	825
752	Replacement Killers, The (1998)	Action|Thriller	826
1315	Inventing the Abbotts (1997)	Romance|Drama	827
560	Kid in King Arthur's Court, A (1995)	Romance|Children's|Fantasy|Comedy|Adventure|Sci-Fi	828
345	Deconstructing Harry (1997)	Comedy|Drama	829
1194	Once Were Warriors (1994)	Crime|Drama	830
464	Vanya on 42nd Street (1994)	Drama	831
932	First Kid (1996)	Children's|Comedy	832
1179	Man of the House (1995)	Comedy	833
536	Ponette (1996)	Drama	834
369	Black Sheep (1996)	Comedy	835
1250	Best of the Best 3: No Turning Back (1995)	Action	836
880	Soul Food (1997)	Drama	837
629	Victor/Victoria (1982)	Comedy|Musical	838
775	Something to Talk About (1995)	Romance|Comedy|Drama	839
1289	Jack and Sarah (1995)	Romance	840
544	Things to Do in Denver when You're Dead (1995)	Romance|Crime|Drama	841
170	Cinema Paradiso (1988)	Romance|Comedy|Drama	842
1518	Losing Isaiah (1995)	Drama	843
413	Tales from the Crypt Presents: Bordello of Blood (1996)	Horror	844
618	Picnic (1955)	Drama	845
326	G.I. Jane (1997)	Action|War|Drama	846
123	Frighteners, The (1996)	Comedy|Horror	847
628	Sleepers (1996)	Crime|Drama	848
262	In the Company of Men (1997)	Drama	849
31	Crimson Tide (1995)	Thriller|War|Drama	850
1180	I Love Trouble (1994)	Action|Comedy	851
414	My Favorite Year (1982)	Comedy	852
490	To Catch a Thief (1955)	Thriller|Romance|Comedy	853
453	Jaws 3-D (1983)	Action|Horror	854
149	Jude (1996)	Drama	855
827	Daylight (1996)	Action|Thriller|Adventure	856
124	Lone Star (1996)	Mystery|Drama	857
570	Wyatt Earp (1994)	Western	858
843	Shaggy Dog, The (1959)	Children's|Comedy	859
844	Freeway (1996)	Crime	860
420	Alice in Wonderland (1951)	Children's|Musical|Animation	861
590	Hellraiser: Bloodline (1996)	Action|Sci-Fi|Horror	862
1230	Ready to Wear (Pret-A-Porter) (1994)	Comedy	863
1324	Loaded (1994)	Thriller|Drama	864
895	Scream 2 (1997)	Thriller|Horror	865
1149	Walkabout (1971)	Drama	866
567	Wes Craven's New Nightmare (1994)	Horror	867
606	All About Eve (1950)	Drama	868
816	Candyman: Farewell to the Flesh (1995)	Horror	869
672	Candyman (1992)	Horror	870
584	Secret Garden, The (1993)	Children's|Drama	871
521	Deer Hunter, The (1978)	War|Drama	872
728	Junior (1994)	Comedy|Sci-Fi	873
689	Jackal, The (1997)	Action|Thriller	874
329	Desperate Measures (1998)	Thriller|Crime|Drama	875
859	April Fool's Day (1986)	Comedy|Horror	876
456	Beverly Hills Ninja (1997)	Action|Comedy	877
791	Baby-Sitters Club, The (1995)	Children's	878
159	Basic Instinct (1992)	Thriller|Mystery	879
489	Notorious (1946)	Thriller|Romance|Film-Noir	880
1266	Bread and Chocolate (Pane e cioccolata) (1973)	Drama	881
1416	No Escape (1994)	Action|Sci-Fi	882
988	Beautician and the Beast, The (1997)	Romance|Comedy	883
636	Escape from New York (1981)	Action|Thriller|Adventure|Sci-Fi	884
1411	Barbarella (1968)	Adventure|Sci-Fi	885
533	Daytrippers, The (1996)	Mystery	886
1394	Swept from the Sea (1997)	Romance	887
819	Eddie (1996)	Comedy	888
495	Around the World in 80 Days (1956)	Comedy|Adventure	889
1093	Live Nude Girls (1995)	Comedy	890
30	Belle de jour (1967)	Drama	891
314	3 Ninjas: High Noon At Mega Mountain (1998)	Action|Children's	892
958	To Live (Huozhe) (1994)	Drama	893
841	Glimmer Man, The (1996)	Action|Thriller	894
702	Barcelona (1994)	Romance|Comedy	895
1020	Gaslight (1944)	Thriller|Mystery	896
947	Big Blue, The (Grand bleu, Le) (1988)	Romance|Adventure	897
1000	Lightning Jack (1994)	Western|Comedy	898
104	Theodore Rex (1995)	Comedy	899
1322	Metisse (Café au Lait) (1993)	Comedy	900
622	Swiss Family Robinson (1960)	Children's|Adventure	901
481	Apartment, The (1960)	Comedy|Drama	902
532	Kama Sutra: A Tale of Love (1996)	Romance	903
915	Primary Colors (1998)	Drama	904
502	Bananas (1971)	Comedy|War	905
1291	Celtic Pride (1996)	Comedy	906
330	187 (1997)	Drama	907
802	Hard Target (1993)	Action|Thriller|Adventure|Crime	908
37	Nadja (1994)	Drama	909
1025	Fire Down Below (1997)	Action|Thriller|Drama	910
266	Kull the Conqueror (1997)	Action|Adventure	911
727	Immortal Beloved (1994)	Romance|Drama	912
828	Alaska (1996)	Children's|Adventure	913
548	NeverEnding Story III, The (1994)	Children's|Fantasy	914
1132	Feeling Minnesota (1996)	Romance|Drama	915
993	Hercules (1997)	Children's|Comedy|Adventure|Musical|Animation	916
136	Mr. Smith Goes to Washington (1939)	Drama	917
996	Big Green, The (1995)	Children's|Comedy	918
562	Quick and the Dead, The (1995)	Action|Western|Adventure	919
653	Touch of Evil (1958)	Thriller|Film-Noir|Crime	920
74	Faster Pussycat! Kill! Kill! (1965)	Action|Comedy|Drama	921
45	Eat Drink Man Woman (1994)	Comedy|Drama	922
867	Whole Wide World, The (1996)	Drama	923
876	Money Talks (1997)	Action|Comedy	924
158	Weekend at Bernie's (1989)	Comedy	925
1183	Cowboy Way, The (1994)	Action|Comedy	926
1118	Up in Smoke (1978)	Comedy	927
500	Fly Away Home (1996)	Children's|Adventure	928
610	Gigi (1958)	Musical	929
887	Eve's Bayou (1997)	Drama	930
1299	Penny Serenade (1941)	Romance|Drama	931
918	City of Angels (1998)	Romance	932
41	Billy Madison (1995)	Comedy	933
1066	Balto (1995)	Children's|Animation	934
336	Playing God (1997)	Thriller|Crime	935
1117	Surviving Picasso (1996)	Drama	936
1169	Fresh (1994)	Drama	937
1262	Walking and Talking (1996)	Romance	938
348	Desperate Measures (1998)	Thriller|Crime|Drama	939
270	Gattaca (1997)	Thriller|Sci-Fi|Drama	940
1053	Now and Then (1995)	Drama	941
374	Mighty Morphin Power Rangers: The Movie (1995)	Action|Children's	942
621	Davy Crockett, King of the Wild Frontier (1955)	Western	943
607	Rebecca (1940)	Thriller|Romance	944
1030	Beverly Hillbillies, The (1993)	Comedy	945
700	Miami Rhapsody (1995)	Comedy	946
297	Ulee's Gold (1997)	Drama	947
925	Unforgettable (1996)	Thriller|Sci-Fi	948
928	Craft, The (1996)	Horror|Drama	949
394	Radioland Murders (1994)	Romance|Mystery|Comedy	950
549	Rob Roy (1995)	Romance|War|Drama	951
999	Clean Slate (1994)	Comedy	952
1471	Hideaway (1995)	Thriller	953
341	Critical Care (1997)	Comedy	954
1009	Stealing Beauty (1996)	Drama	955
391	Last Action Hero (1993)	Action|Comedy	956
467	Bronx Tale, A (1993)	Drama	957
811	Thirty-Two Short Films About Glenn Gould (1993)	Documentary	958
805	Manhattan Murder Mystery (1993)	Mystery|Comedy	959
519	Treasure of the Sierra Madre, The (1948)	Adventure	960
1036	Drop Dead Fred (1991)	Fantasy|Comedy	961
84	Robert A. Heinlein's The Puppet Masters (1994)	Sci-Fi|Horror	962
894	Home Alone 3 (1997)	Children's|Comedy	963
574	Boxing Helena (1993)	Thriller|Romance|Mystery	964
1113	Mrs. Parker and the Vicious Circle (1994)	Drama	965
638	Return of Martin Guerre, The (Retour de Martin Guerre, Le) (1982)	Drama	966
1314	Surviving the Game (1994)	Action|Thriller|Adventure	967
1131	Safe (1995)	Thriller	968
1069	Amateur (1994)	Thriller|Crime|Drama	969
1084	Anne Frank Remembered (1995)	Documentary	970
1407	Specialist, The (1994)	Action	971
878	That Darn Cat! (1997)	Children's|Mystery|Comedy	972
1242	Old Lady Who Walked in the Sea, The (Vieille qui marchait dans la mer, La) (1991)	Comedy	973
359	Assignment, The (1997)	Thriller	974
579	Fatal Instinct (1993)	Comedy	975
884	Year of the Horse (1997)	Documentary	976
691	Dark City (1998)	Thriller|Film-Noir|Sci-Fi	977
954	Unzipped (1995)	Documentary	978
261	Air Bud (1997)	Children's|Comedy	979
1112	Cobb (1994)	Drama	980
1090	Sliver (1993)	Thriller	981
445	Body Snatcher, The (1945)	Horror	982
108	Kids in the Hall: Brain Candy (1996)	Comedy	983
635	Fog, The (1980)	Horror	984
1135	Doors, The (1991)	Musical|Drama	985
76	Carlito's Way (1993)	Crime|Drama	986
1082	Female Perversions (1996)	Drama	987
1215	Barb Wire (1996)	Action|Sci-Fi	988
1328	Of Love and Shadows (1994)	Drama	989
1013	Anaconda (1997)	Action|Thriller|Adventure	990
1170	Spanking the Monkey (1994)	Comedy|Drama	991
1265	Star Maps (1997)	Drama	992
735	Philadelphia (1993)	Drama	993
352	Spice World (1997)	Comedy|Musical	994
833	Bulletproof (1996)	Action	995
722	Nine Months (1995)	Comedy	996
434	Forbidden Planet (1956)	Sci-Fi	997
801	Air Up There, The (1994)	Comedy	998
224	Ridicule (1996)	Drama	999
358	Spawn (1997)	Action|Thriller|Adventure|Sci-Fi	1000
966	Affair to Remember, An (1957)	Romance	1001
675	Nosferatu (Nosferatu, eine Symphonie des Grauens) (1922)	Horror	1002
991	Keys to Tulsa (1997)	Crime	1003
633	Christmas Carol, A (1938)	Drama	1004
1102	Two Much (1996)	Romance|Comedy	1005
1163	Portrait of a Lady, The (1996)	Drama	1006
1413	Street Fighter (1994)	Action	1007
924	White Squall (1996)	Adventure|Drama	1008
976	Solo (1996)	Action|Thriller|Sci-Fi	1009
825	Arrival, The (1996)	Action|Thriller|Sci-Fi	1010
389	Black Beauty (1994)	Children's|Adventure	1011
978	Heaven's Prisoners (1996)	Thriller|Mystery	1012
444	Blob, The (1958)	Sci-Fi|Horror	1013
362	Blues Brothers 2000 (1998)	Action|Comedy|Musical	1014
1442	Scarlet Letter, The (1995)	Drama	1015
1419	Highlander III: The Sorcerer (1994)	Action|Sci-Fi	1016
1241	Van, The (1996)	Comedy|Drama	1017
613	My Man Godfrey (1936)	Comedy	1018
656	M (1931)	Thriller|Film-Noir|Crime	1019
734	Made in America (1993)	Comedy	1020
946	Fox and the Hound, The (1981)	Children's|Animation	1021
1172	Women, The (1939)	Comedy	1022
1108	Feast of July (1995)	Drama	1023
1074	Reality Bites (1994)	Comedy|Drama	1024
1187	Switchblade Sisters (1975)	Crime	1025
856	Night on Earth (1991)	Comedy|Drama	1026
1212	Flesh and Bone (1993)	Romance|Mystery|Drama	1027
1105	Firestorm (1998)	Action|Thriller|Adventure	1028
6	Shanghai Triad (Yao a yao yao dao waipo qiao) (1995)	Drama	1029
964	Month by the Lake, A (1995)	Comedy|Drama	1030
1043	Rent-a-Kid (1995)	Comedy	1031
398	Super Mario Bros. (1993)	Action|Children's|Adventure|Sci-Fi	1032
694	Persuasion (1995)	Romance	1033
1072	Pyromaniac's Love Story, A (1995)	Romance|Comedy	1034
1141	War Room, The (1993)	Documentary	1035
733	Go Fish (1994)	Romance|Drama	1036
1051	Associate, The (1996)	Comedy	1037
1478	Dead Presidents (1995)	Action|Crime|Drama	1038
19	Antonia's Line (1995)	Drama	1039
1210	Virtuosity (1995)	Thriller|Sci-Fi	1040
962	Ruby in Paradise (1993)	Drama	1041
1203	Top Hat (1935)	Romance|Comedy|Musical	1042
563	Stephen King's The Langoliers (1995)	Horror	1043
1097	Hate (Haine, La) (1995)	Drama	1044
458	Nixon (1995)	Drama	1045
871	Vegas Vacation (1997)	Comedy	1046
1062	Four Days in September (1997)	Drama	1047
608	Spellbound (1945)	Thriller|Romance|Mystery	1048
1283	Out to Sea (1997)	Comedy	1049
557	Farinelli: il castrato (1994)	Musical|Drama	1050
936	Brassed Off (1996)	Romance|Comedy|Drama	1051
551	Lord of Illusions (1995)	Horror	1052
782	Little Odessa (1994)	Drama	1053
1225	Angus (1995)	Comedy	1054
1050	Ghost and Mrs. Muir, The (1947)	Romance|Drama	1055
986	Turbulence (1997)	Thriller	1056
1188	Young Guns II (1990)	Action|Western|Comedy	1057
1272	Talking About Sex (1994)	Comedy|Drama	1058
1268	Bitter Moon (1992)	Drama	1059
415	Apple Dumpling Gang, The (1975)	Western|Children's|Comedy	1060
646	Once Upon a Time in the West (1969)	Western	1061
902	Big Lebowski, The (1998)	Thriller|Mystery|Comedy|Crime	1062
555	White Man's Burden (1995)	Drama	1063
383	Flintstones, The (1994)	Children's|Comedy	1064
1239	Cutthroat Island (1995)	Action|Romance|Adventure	1065
1277	Set It Off (1996)	Action|Crime	1066
681	Wishmaster (1997)	Horror	1067
934	Preacher's Wife, The (1996)	Drama	1068
972	Passion Fish (1992)	Drama	1069
1152	In Love and War (1996)	Romance|War	1070
645	Paris Is Burning (1990)	Documentary	1071
664	Paris, Texas (1984)	Drama	1072
795	Richie Rich (1994)	Children's|Comedy	1073
940	Airheads (1994)	Comedy	1074
783	Milk Money (1994)	Romance|Comedy	1075
373	Judge Dredd (1995)	Action|Adventure|Sci-Fi	1076
713	Othello (1995)	Drama	1077
1126	Old Man and the Sea, The (1958)	Adventure|Drama	1078
342	Man Who Knew Too Little, The (1997)	Mystery|Comedy	1079
1127	Truman Show, The (1998)	Drama	1080
1503	Gold Diggers: The Secret of Bear Mountain (1995)	Children's|Adventure	1081
818	Girl 6 (1996)	Comedy	1082
896	Sweet Hereafter, The (1997)	Drama	1083
351	Prophecy II, The (1998)	Horror	1084
1004	Geronimo: An American Legend (1993)	Western|Drama	1085
1008	I Shot Andy Warhol (1996)	Drama	1086
1226	Night Falls on Manhattan (1997)	Crime|Drama	1087
639	Tin Drum, The (Blechtrommel, Die) (1979)	Drama	1088
422	Aladdin and the King of Thieves (1996)	Children's|Comedy|Animation	1089
1002	Pest, The (1997)	Comedy	1090
1495	Flirt (1995)	Drama	1091
1401	M. Butterfly (1993)	Drama	1092
1040	Two if by Sea (1996)	Romance|Comedy	1093
1312	Pompatus of Love, The (1996)	Comedy|Drama	1094
537	My Own Private Idaho (1991)	Drama	1095
1487	Even Cowgirls Get the Blues (1993)	Romance|Comedy	1096
1192	Boys of St. Vincent, The (1993)	Drama	1097
1136	Ghosts of Mississippi (1996)	Drama	1098
1227	Awfully Big Adventure, An (1995)	Drama	1099
865	Ice Storm, The (1997)	Drama	1100
1128	Heidi Fleiss: Hollywood Madam (1995) 	Documentary	1101
1032	Little Big League (1994)	Children's|Comedy	1102
1071	Party Girl (1995)	Comedy	1103
503	Candidate, The (1972)	Drama	1104
1253	Tie That Binds, The (1995)	Thriller	1105
1378	Rhyme & Reason (1997)	Documentary	1106
753	Burnt By the Sun (1994)	Drama	1107
1124	Farewell to Arms, A (1932)	Romance|War	1108
1270	Life with Mikey (1993)	Comedy	1109
1089	Speed 2: Cruise Control (1997)	Action|Thriller|Romance	1110
1190	That Old Feeling (1997)	Romance|Comedy	1111
1459	Madame Butterfly (1995)	Musical	1112
1202	Maybe, Maybe Not (Bewegte Mann, Der) (1994)	Comedy	1113
637	Howling, The (1981)	Comedy|Horror	1114
390	Fear of a Black Hat (1993)	Comedy	1115
349	Hard Rain (1998)	Action|Thriller	1116
538	Anastasia (1997)	Children's|Musical|Animation	1117
601	For Whom the Bell Tolls (1943)	Adventure|War	1118
698	Browning Version, The (1994)	Drama	1119
1386	Tetsuo II: Body Hammer (1992)	Sci-Fi	1120
1168	Little Buddha (1993)	Drama	1121
1023	Fathers' Day (1997)	Comedy	1122
437	Amityville 1992: It's About Time (1992)	Horror	1123
1276	Sunset Park (1996)	Drama	1124
933	Funeral, The (1996)	Drama	1125
1077	Love and a .45 (1994)	Thriller	1126
968	Inspector General, The (1949)	Musical	1127
1120	I'm Not Rappaport (1996)	Comedy	1128
1221	When a Man Loves a Woman (1994)	Drama	1129
956	Nobody's Fool (1994)	Drama	1130
353	Deep Rising (1998)	Action|Sci-Fi|Horror	1131
1244	Metro (1997)	Action	1132
759	Fair Game (1995)	Action	1133
1024	Mrs. Dalloway (1997)	Romance	1134
1425	I'll Do Anything (1994)	Comedy|Drama	1135
1409	Swan Princess, The (1994)	Children's|Animation	1136
1254	Gone Fishin' (1997)	Comedy	1137
112	Flipper (1996)	Children's|Adventure	1138
1232	Madonna: Truth or Dare (1991)	Documentary	1139
888	One Night Stand (1997)	Drama	1140
1213	Guilty as Sin (1993)	Thriller|Crime|Drama	1141
1258	Trial and Error (1997)	Romance|Comedy	1142
854	Bad Taste (1987)	Comedy|Horror	1143
236	Citizen Ruth (1996)	Comedy|Drama	1144
834	Halloween: The Curse of Michael Myers (1995)	Thriller|Horror	1145
1083	Albino Alligator (1996)	Thriller|Crime	1146
1368	Mina Tannenbaum (1994)	Drama	1147
889	Tango Lesson, The (1997)	Romance	1148
1466	Margaret's Museum (1995)	Drama	1149
893	For Richer or Poorer (1997)	Comedy	1150
776	Three Wishes (1995)	Drama	1151
1282	Grass Harp, The (1995)	Drama	1152
952	Blue in the Face (1995)	Comedy	1153
1054	Mr. Wrong (1996)	Comedy	1154
46	Exotica (1994)	Drama	1155
1480	Herbie Rides Again (1974)	Children's|Comedy|Adventure	1156
1297	Love Affair (1994)	Romance|Drama	1157
1167	Sum of Us, The (1994)	Comedy	1158
1300	'Til There Was You (1997)	Romance|Drama	1159
1446	Bye Bye, Love (1995)	Comedy	1160
1143	Hard Eight (1996)	Thriller|Crime	1161
1294	Ayn Rand: A Sense of Life (1997)	Documentary	1162
1489	Chasers (1994)	Comedy	1163
800	In the Mouth of Madness (1995)	Thriller|Horror	1164
1088	Double Team (1997)	Action	1165
989	Cats Don't Dance (1997)	Children's|Musical|Animation	1166
1085	Carried Away (1996)	Romance|Drama	1167
1473	Little Princess, The (1939)	Children's|Drama	1168
1303	Getaway, The (1994)	Action	1169
881	Money Talks (1997)	Action|Comedy	1170
1529	Underground (1995)	War	1171
1175	Hugo Pool (1997)	Romance	1172
594	Heavy (1995)	Romance|Drama	1173
18	White Balloon, The (1995)	Drama	1174
1274	Robocop 3 (1993)	Thriller|Sci-Fi	1175
970	Hear My Song (1991)	Comedy	1176
1479	Reckless (1995)	Comedy	1177
541	Mortal Kombat (1995)	Action|Adventure	1178
1367	Faust (1994)	Animation	1179
388	Beverly Hills Cop III (1994)	Action|Comedy	1180
837	Meet John Doe (1941)	Drama	1181
1296	Indian Summer (1996)	Comedy|Drama	1182
565	Village of the Damned (1995)	Thriller|Horror	1183
1045	Fearless (1993)	Drama	1184
1166	Love & Human Remains (1993)	Comedy	1185
1427	Drunks (1995)	Drama	1186
1385	Roseanna's Grave (For Roseanna) (1997)	Romance|Comedy	1187
862	Jingle All the Way (1996)	Children's|Comedy|Adventure	1188
967	Little Lord Fauntleroy (1936)	Drama	1189
1087	Bloodsport 2 (1995)	Action	1190
1449	Pather Panchali (1955)	Drama	1191
592	True Crime (1995)	Thriller|Mystery	1192
890	Mortal Kombat: Annihilation (1997)	Action|Adventure	1193
998	Cabin Boy (1994)	Comedy	1194
985	Blood & Wine (1997)	Drama	1195
1231	Marked for Death (1990)	Action|Drama	1196
885	Phantoms (1998)	Horror	1197
669	Body Parts (1991)	Horror	1198
1438	Panther (1995)	Drama	1199
1068	Star Maker, The (Uomo delle stelle, L') (1995)	Drama	1200
1219	Goofy Movie, A (1995)	Romance|Children's|Comedy|Animation	1201
667	Audrey Rose (1977)	Horror	1202
545	Vampire in Brooklyn (1995)	Romance|Comedy	1203
1140	Road to Wellville, The (1994)	Comedy	1204
726	Fluke (1995)	Children's|Drama	1205
1056	Cronos (1992)	Horror	1206
1524	Kaspar Hauser (1993)	Drama	1207
247	Turbo: A Power Rangers Movie (1997)	Action|Children's|Adventure	1208
1285	Princess Caraboo (1994)	Drama	1209
1058	War, The (1994)	Adventure|Drama	1210
1247	Bad Girls (1994)	Western	1211
35	Free Willy 2: The Adventure Home (1995)	Children's|Adventure|Drama	1212
1527	Senseless (1998)	Comedy	1213
916	Lost in Space (1998)	Action|Thriller|Sci-Fi	1214
1301	Stripes (1981)	Comedy	1215
1148	Tom & Viv (1994)	Drama	1216
1388	Gabbeh (1996)	Drama	1217
1353	1-900 (1994)	Romance	1218
1530	Jefferson in Paris (1995)	Drama	1219
803	Heaven & Earth (1993)	Action|War|Drama	1220
1313	Palmetto (1998)	Thriller|Mystery|Film-Noir	1221
1405	Boy's Life 2 (1997)	Drama	1222
459	Cry, the Beloved Country (1995)	Drama	1223
1469	Tom and Huck (1995)	Children's|Adventure	1224
1404	Withnail and I (1987)	Comedy	1225
994	Last Time I Committed Suicide, The (1997)	Drama	1226
1076	Pagemaster, The (1994)	Action|Children's|Fantasy|Adventure|Animation	1227
1271	North (1994)	Comedy	1228
1177	Dunston Checks In (1996)	Comedy	1229
1092	Dear God (1996)	Comedy	1230
1302	Late Bloomers (1996)	Comedy	1231
701	Wonderful, Horrible Life of Leni Riefenstahl, The (1993)	Documentary	1232
706	Bad Moon (1996)	Horror	1233
914	Wild Things (1998)	Thriller|Mystery|Crime|Drama	1234
130	Kansas City (1996)	Crime	1235
1195	Strawberry and Chocolate (Fresa y chocolate) (1993)	Drama	1236
1273	Color of Night (1994)	Thriller|Drama	1237
1396	Stonewall (1995)	Drama	1238
75	Brother Minister: The Assassination of Malcolm X (1994)	Documentary	1239
534	Traveller (1997)	Drama	1240
1379	Love and Other Catastrophes (1996)	Romance	1241
1279	Wild America (1997)	Children's|Adventure	1242
1439	Jason's Lyric (1994)	Crime|Drama	1243
1193	Before the Rain (Pred dozhdot) (1994)	Drama	1244
804	Jimmy Hollywood (1994)	Comedy	1245
668	Blood Beach (1981)	Action|Horror	1246
1075	Man of No Importance, A (1994)	Drama	1247
1434	Shooting Fish (1997)	Romance	1248
1176	Welcome To Sarajevo (1997)	War|Drama	1249
1456	Beat the Devil (1954)	Comedy|Drama	1250
1534	Twin Town (1997)	Comedy|Crime	1251
1531	Far From Home: The Adventures of Yellow Dog (1995)	Children's|Adventure	1252
400	Little Rascals, The (1994)	Children's|Comedy	1253
1421	My Crazy Life (Mi vida loca) (1993)	Drama	1254
1555	Secret Adventures of Tom Thumb, The (1993)	Children's|Adventure	1255
730	Queen Margot (Reine Margot, La) (1994)	Romance|Drama	1256
1454	Angel and the Badman (1947)	Western	1257
1441	Moonlight and Valentino (1995)	Romance|Drama	1258
1103	Trust (1990)	Comedy|Drama	1259
1174	Caught (1996)	Thriller|Drama	1260
1344	Story of Xinghua, The (1993)	Drama	1261
798	Bad Company (1995)	Action	1262
1392	Locusts, The (1997)	Drama	1263
1517	Race the Sun (1996)	Drama	1264
1264	Nothing to Lose (1994)	Drama	1265
1470	Gumby: The Movie (1995)	Children's|Animation	1266
1406	When Night Is Falling (1995)	Romance|Drama	1267
935	Paradise Road (1997)	War|Drama	1268
891	Bent (1997)	War|Drama	1269
1121	Umbrellas of Cherbourg, The (Parapluies de Cherbourg, Les) (1964)	Musical|Drama	1270
1252	Contempt (Mépris, Le) (1963)	Drama	1271
1029	Jury Duty (1995)	Comedy	1272
912	U.S. Marshalls (1998)	Action|Thriller	1273
1200	Kim (1950)	Children's|Drama	1274
1305	National Lampoon's Senior Trip (1995)	Comedy	1275
1400	Picture Bride (1995)	Romance|Drama	1276
1375	Cement Garden, The (1993)	Drama	1277
1501	Prisoner of the Mountains (Kavkazsky Plennik) (1996)	War	1278
1435	Steal Big, Steal Little (1995)	Comedy	1279
1395	Hurricane Streets (1998)	Drama	1280
1333	Midnight Dancers (Sibak) (1994)	Comedy|Drama	1281
1591	Duoluo tianshi (1995)	Drama	1282
1269	Love in the Afternoon (1957)	Romance|Comedy	1283
909	Dangerous Beauty (1998)	Drama	1284
1154	Alphaville (1965)	Sci-Fi	1285
1237	Twisted (1996)	Comedy|Drama	1286
1038	Switchback (1997)	Thriller	1287
1214	In the Realm of the Senses (Ai no corrida) (1976)	Drama	1288
1522	Trial by Jury (1994)	Thriller	1289
1238	Full Speed (1996)	Drama	1290
296	Promesse, La (1996)	Drama	1291
1280	Gang Related (1997)	Crime	1292
1138	Best Men (1997)	Action|Comedy|Crime|Drama	1293
1512	World of Apu, The (Apur Sansar) (1959)	Drama	1294
1287	Ed (1996)	Comedy	1295
1483	Man in the Iron Mask, The (1998)	Action|Romance|Drama	1296
1031	Lassie (1994)	Children's|Adventure	1297
917	Mercury Rising (1998)	Action|Thriller|Drama	1298
920	Two Bits (1995)	Drama	1299
1111	Double Happiness (1994)	Drama	1300
1412	Land Before Time III: The Time of the Great Giving (1995) (V)	Children's|Animation	1301
1185	In the Army Now (1994)	Comedy|War	1302
1337	Larger Than Life (1996)	Comedy	1303
1592	Magic Hour, The (1998)	Drama	1304
1399	Stranger in the House (1997)	Thriller	1305
1173	Bliss (1997)	Romance|Drama	1306
1159	Stalker (1979)	Mystery|Sci-Fi	1307
1468	Cure, The (1995)	Drama	1308
1355	Infinity (1996)	Drama	1309
1437	House Party 3 (1994)	Comedy	1310
1204	To Be or Not to Be (1942)	Comedy|War|Drama	1311
1426	Grace of My Heart (1996)	Comedy|Drama	1312
1311	Waiting to Exhale (1995)	Comedy|Drama	1313
1326	Boys (1996)	Drama	1314
1496	Carpool (1996)	Comedy|Crime	1315
981	Dangerous Ground (1997)	Drama	1316
899	Winter Guest, The (1997)	Drama	1317
1598	City of Industry (1997)	Thriller|Crime	1318
1514	Dream With the Fishes (1997)	Drama	1319
1558	Aparajito (1956)	Drama	1320
1415	Next Karate Kid, The (1994)	Action|Children's	1321
438	Amityville 3-D (1983)	Horror	1322
1597	Romper Stomper (1992)	Action|Drama	1323
446	Burnt Offerings (1976)	Horror	1324
1205	Secret Agent, The (1996)	Drama	1325
1255	Broken English (1996)	Drama	1326
1431	Legal Deceit (1997)	Thriller	1327
666	Blood For Dracula (Andy Warhol's Dracula) (1974)	Horror	1328
1540	Amazing Panda Adventure, The (1995)	Children's|Adventure	1329
1243	Night Flier (1997)	Horror	1330
1511	Children of the Revolution (1996)	Comedy	1331
1381	Losing Chase (1996)	Drama	1332
1055	Simple Twist of Fate, A (1994)	Drama	1333
1440	Above the Rim (1994)	Drama	1334
1171	Wild Reeds (1994)	Drama	1335
1620	Sixth Man, The (1997)	Comedy	1336
1474	Nina Takes a Lover (1994)	Romance|Comedy	1337
1145	Blue Chips (1994)	Drama	1338
799	Boys Life (1995)	Drama	1339
1615	Warriors of Virtue (1997)	Action|Children's|Fantasy|Adventure	1340
1475	Bhaji on the Beach (1993)	Comedy|Drama	1341
1234	Chairman of the Board (1998)	Comedy	1342
1335	American Buffalo (1996)	Drama	1343
1251	A Chef in Love (1996)	Comedy	1344
1233	Nénette et Boni (1996)	Drama	1345
1380	Hollow Reed (1996)	Drama	1346
1509	Getting Even with Dad (1994)	Comedy	1347
