item_id	Category	itemID
34	Food & Restaurants|Drinks & Spirits	0
250	Food & Restaurants|Drinks & Spirits	1
759	Asian|Food & Restaurants	2
1085	Food & Restaurants	3
1122	Travel & Transportation	4
1431	Bars & Nightlife|Drinks & Spirits|Food & Restaurants	5
1664	Food & Restaurants	6
1902	Travel & Transportation	7
1943	Food & Restaurants	8
2001	Automotive|Travel & Transportation	9
2013	Food & Restaurants|Asian	10
2556	Asian|Food & Restaurants	11
2605	Bars & Nightlife|Food & Restaurants	12
3227	Arts & Entertainment	13
3538	Food & Restaurants|Bars & Nightlife	14
4015	Active Life & Fitness	15
4101	Food & Restaurants|Coffee,Tea & Desserts	16
4128	Food & Restaurants	17
4195	Shopping & Fashion	18
4261	Coffee,Tea & Desserts|Food & Restaurants	19
4417	Bars & Nightlife	20
4740	Food & Restaurants	21
4834	Public Services & Community	22
4878	Food & Restaurants	23
4901	Food & Restaurants|Bars & Nightlife	24
5001	Asian|Food & Restaurants	25
5205	Food & Restaurants	26
5413	Food & Restaurants	27
5595	Food & Restaurants	28
5796	Food & Restaurants|Asian	29
6040	Arts & Entertainment	30
6066	Arts & Entertainment|Bars & Nightlife|Event Services|Travel & Transportation	31
6416	Asian|Food & Restaurants	32
6638	Food & Restaurants	33
6656	Food & Restaurants|Coffee,Tea & Desserts|Specialty Food & Groceries	34
6714	Bars & Nightlife|Food & Restaurants|Coffee,Tea & Desserts	35
6741	Drinks & Spirits|Food & Restaurants|Asian	36
7097	Food & Restaurants|Coffee,Tea & Desserts	37
7196	Food & Restaurants|Asian	38
7304	Food & Restaurants	39
7317	Health & Beauty	40
7523	Arts & Entertainment	41
7662	Bars & Nightlife|Food & Restaurants	42
7733	Arts & Entertainment|Event Services|Travel & Transportation	43
7813	Drinks & Spirits|Food & Restaurants|Specialty Food & Groceries	44
7940	Food & Restaurants	45
8216	Food & Restaurants|Bars & Nightlife	46
8534	Shopping & Fashion	47
8683	Event Services|Food & Restaurants	48
8876	Coffee,Tea & Desserts|Food & Restaurants	49
8960	Food & Restaurants	50
8979	Food & Restaurants|Bars & Nightlife	51
9046	Food & Restaurants	52
9049	Food & Restaurants	53
9598	Coffee,Tea & Desserts|Food & Restaurants	54
9705	Food & Restaurants|Coffee,Tea & Desserts	55
10063	Food & Restaurants|Coffee,Tea & Desserts	56
10309	Food & Restaurants|Specialty Food & Groceries	57
10346	Coffee,Tea & Desserts|Food & Restaurants	58
10453	Food & Restaurants	59
10481	Food & Restaurants|Asian	60
11086	Asian|Food & Restaurants	61
11187	Food & Restaurants|Asian|Bars & Nightlife	62
11229	Food & Restaurants	63
11236	Food & Restaurants|Asian	64
11800	Food & Restaurants|Specialty Food & Groceries	65
11817	Food & Restaurants	66
11905	Arts & Entertainment|Sports & Recreation	67
12241	Asian|Food & Restaurants	68
12291	Arts & Entertainment|Public Services & Community|Food & Restaurants|Event Services|Specialty Food & Groceries	69
12462	Food & Restaurants|Bars & Nightlife	70
12523	Event Services|Food & Restaurants	71
12580	Food & Restaurants	72
12761	Asian|Bars & Nightlife|Food & Restaurants	73
13553	Arts & Entertainment|Event Services|Travel & Transportation	74
13586	Bars & Nightlife|Food & Restaurants	75
13869	Food & Restaurants|Coffee,Tea & Desserts	76
14086	Bars & Nightlife|Food & Restaurants	77
14092	Bars & Nightlife|Food & Restaurants	78
14110	Bars & Nightlife|Food & Restaurants|Asian	79
14111	Asian|Food & Restaurants	80
14360	Active Life & Fitness	81
14414	Coffee,Tea & Desserts|Food & Restaurants|Asian	82
14554	Food & Restaurants|Event Services	83
14892	Coffee,Tea & Desserts|Food & Restaurants	84
14903	Food & Restaurants|Specialty Food & Groceries	85
14998	Food & Restaurants	86
15567	Food & Restaurants|Coffee,Tea & Desserts|Asian	87
15693	Shopping & Fashion	88
15760	Food & Restaurants	89
15859	Food & Restaurants|Bars & Nightlife	90
15863	Food & Restaurants	91
15903	Food & Restaurants|Coffee,Tea & Desserts	92
16323	Asian|Food & Restaurants	93
16367	Food & Restaurants	94
16627	Asian|Food & Restaurants	95
16719	Food & Restaurants|Bars & Nightlife	96
17481	Food & Restaurants	97
17810	Health & Beauty|Shopping & Fashion	98
18127	Coffee,Tea & Desserts|Food & Restaurants|Asian	99
18128	Active Life & Fitness|Outdoor Activities|Arts & Entertainment|Miscellaneous	100
18327	Automotive|Shopping & Fashion	101
18739	Food & Restaurants|Asian	102
18800	Food & Restaurants|Bars & Nightlife|Event Services	103
18951	Bars & Nightlife|Shopping & Fashion	104
19009	Food & Restaurants	105
19038	Food & Restaurants	106
19107	Food & Restaurants|Coffee,Tea & Desserts	107
19390	Health & Beauty|Event Services|Travel & Transportation	108
19572	Asian|Miscellaneous|Food & Restaurants	109
19637	Arts & Entertainment|Health & Beauty|Event Services|Travel & Transportation	110
19712	Food & Restaurants|Asian	111
19893	Coffee,Tea & Desserts|Asian|Food & Restaurants	112
19911	Food & Restaurants	113
20050	Food & Restaurants|Coffee,Tea & Desserts	114
20179	Food & Restaurants	115
20373	Arts & Entertainment	116
20429	Food & Restaurants|Bars & Nightlife|Drinks & Spirits	117
20624	Automotive|Public Services & Community	118
20885	Food & Restaurants	119
20890	Food & Restaurants|Bars & Nightlife	120
21041	Bars & Nightlife|Food & Restaurants	121
21250	Bars & Nightlife|Drinks & Spirits|Food & Restaurants|Asian	122
21256	Food & Restaurants	123
21280	Food & Restaurants	124
21305	Food & Restaurants|Bars & Nightlife|Asian	125
21378	Asian|Bars & Nightlife|Drinks & Spirits|Food & Restaurants	126
21405	Health & Beauty|Food & Restaurants|Specialty Food & Groceries|Shopping & Fashion	127
21465	Food & Restaurants|Arts & Entertainment|Bars & Nightlife	128
21593	Food & Restaurants	129
21897	Asian|Food & Restaurants	130
22366	Bars & Nightlife|Food & Restaurants	131
22367	Food & Restaurants|Coffee,Tea & Desserts	132
22410	Food & Restaurants	133
22637	Arts & Entertainment|Food & Restaurants	134
22778	Food & Restaurants	135
22900	Food & Restaurants	136
22917	Food & Restaurants|Coffee,Tea & Desserts	137
22998	Food & Restaurants|Asian	138
23195	Coffee,Tea & Desserts|Food & Restaurants	139
23451	Food & Restaurants|Bars & Nightlife|Drinks & Spirits|Coffee,Tea & Desserts	140
23574	Food & Restaurants	141
23590	Food & Restaurants	142
23654	Arts & Entertainment|Food & Restaurants|Public Services & Community	143
23705	Coffee,Tea & Desserts|Food & Restaurants	144
23930	Food & Restaurants	145
24328	Food & Restaurants|Bars & Nightlife	146
24418	Food & Restaurants	147
24901	Food & Restaurants	148
25162	Food & Restaurants|Coffee,Tea & Desserts	149
25192	Event Services|Food & Restaurants	150
25452	Bars & Nightlife	151
25615	Bars & Nightlife|Food & Restaurants|Coffee,Tea & Desserts	152
25773	Food & Restaurants	153
26068	Bars & Nightlife|Event Services|Food & Restaurants	154
26240	Coffee,Tea & Desserts|Food & Restaurants|Specialty Food & Groceries	155
26699	Health & Beauty|Shopping & Fashion	156
27048	Food & Restaurants	157
27139	Food & Restaurants	158
27286	Food & Restaurants	159
27301	Food & Restaurants	160
27779	Food & Restaurants	161
27805	Arts & Entertainment|Event Services|Travel & Transportation	162
28195	Food & Restaurants	163
28597	Automotive|Bars & Nightlife|Food & Restaurants|Asian	164
28722	Food & Restaurants	165
28829	Food & Restaurants	166
28865	Food & Restaurants|Asian	167
28888	Food & Restaurants|Bars & Nightlife	168
28923	Food & Restaurants|Drinks & Spirits|Coffee,Tea & Desserts	169
28990	Arts & Entertainment|Bars & Nightlife|Event Services|Travel & Transportation	170
29243	Food & Restaurants	171
29605	Coffee,Tea & Desserts|Food & Restaurants	172
30040	Food & Restaurants|Travel & Transportation|Coffee,Tea & Desserts	173
30293	Food & Restaurants	174
30929	Food & Restaurants	175
31335	Coffee,Tea & Desserts|Food & Restaurants	176
31559	Active Life & Fitness|Public Services & Community|Event Services|Outdoor Activities|Travel & Transportation|Arts & Entertainment|Food & Restaurants	177
31690	Food & Restaurants	178
31968	Food & Restaurants	179
32280	Bars & Nightlife|Food & Restaurants	180
32807	Food & Restaurants|Coffee,Tea & Desserts	181
32886	Food & Restaurants|Asian	182
32894	Food & Restaurants	183
33219	Food & Restaurants	184
33952	Asian|Food & Restaurants	185
33966	Arts & Entertainment	186
33986	Food & Restaurants	187
34313	Asian|Food & Restaurants	188
34359	Food & Restaurants|Coffee,Tea & Desserts	189
34361	Active Life & Fitness|Outdoor Activities|Public Services & Community|Miscellaneous	190
34381	Food & Restaurants|Asian|Bars & Nightlife	191
34390	Food & Restaurants|Coffee,Tea & Desserts|Specialty Food & Groceries	192
34558	Food & Restaurants|Asian	193
34985	Asian|Food & Restaurants	194
35051	Food & Restaurants	195
35279	Asian|Food & Restaurants	196
35469	Food & Restaurants|Asian	197
35606	Bars & Nightlife|Food & Restaurants	198
35611	Arts & Entertainment|Event Services|Home & Garden|Shopping & Fashion	199
35629	Food & Restaurants|Drinks & Spirits	200
36368	Food & Restaurants|Bars & Nightlife	201
36377	Asian|Bars & Nightlife|Food & Restaurants	202
36501	Asian|Food & Restaurants	203
36564	Food & Restaurants	204
36568	Active Life & Fitness|Arts & Entertainment|Family & Kids|Public Services & Community|Event Services|Miscellaneous	205
36723	Food & Restaurants|Coffee,Tea & Desserts	206
37532	Coffee,Tea & Desserts|Food & Restaurants	207
37657	Arts & Entertainment	208
37772	Food & Restaurants|Asian	209
38042	Food & Restaurants	210
38258	Food & Restaurants|Asian|Drinks & Spirits|Bars & Nightlife	211
38308	Active Life & Fitness	212
38310	Food & Restaurants|Asian	213
38399	Travel & Transportation	214
38403	Food & Restaurants	215
39246	Arts & Entertainment	216
39384	Arts & Entertainment|Event Services|Travel & Transportation	217
39519	Asian|Food & Restaurants|Specialty Food & Groceries	218
39740	Food & Restaurants|Asian	219
39762	Food & Restaurants|Event Services	220
39882	Food & Restaurants	221
40005	Asian|Food & Restaurants	222
40033	Food & Restaurants|Coffee,Tea & Desserts	223
40101	Shopping & Fashion|Food & Restaurants	224
40129	Food & Restaurants	225
40134	Food & Restaurants	226
40408	Food & Restaurants|Asian	227
40515	Food & Restaurants	228
40516	Food & Restaurants	229
40614	Arts & Entertainment|Bars & Nightlife	230
40690	Food & Restaurants|Asian	231
40758	Arts & Entertainment|Bars & Nightlife|Drinks & Spirits|Food & Restaurants	232
40776	Food & Restaurants	233
41324	Food & Restaurants	234
41353	Food & Restaurants|Asian	235
41627	Food & Restaurants|Asian	236
41694	Food & Restaurants|Coffee,Tea & Desserts	237
42056	Food & Restaurants	238
42103	Food & Restaurants|Bars & Nightlife|Drinks & Spirits	239
42230	Asian|Food & Restaurants	240
42756	Food & Restaurants|Bars & Nightlife|Asian	241
42989	Asian|Food & Restaurants	242
42994	Food & Restaurants|Coffee,Tea & Desserts|Shopping & Fashion|Specialty Food & Groceries	243
43114	Food & Restaurants|Bars & Nightlife	244
43122	Active Life & Fitness|Arts & Entertainment|Outdoor Activities|Event Services	245
43434	Food & Restaurants|Arts & Entertainment|Bars & Nightlife|Drinks & Spirits	246
43519	Asian|Food & Restaurants	247
43534	Food & Restaurants	248
43702	Bars & Nightlife|Food & Restaurants	249
44398	Food & Restaurants|Coffee,Tea & Desserts	250
44482	Food & Restaurants|Bars & Nightlife	251
44621	Asian|Food & Restaurants	252
44630	Food & Restaurants|Asian	253
44721	Bars & Nightlife|Food & Restaurants|Asian	254
44725	Food & Restaurants|Asian	255
44728	Food & Restaurants|Event Services|Coffee,Tea & Desserts	256
45399	Food & Restaurants	257
46022	Asian|Food & Restaurants	258
46222	Food & Restaurants	259
46256	Food & Restaurants	260
46281	Arts & Entertainment|Health & Beauty|Event Services|Travel & Transportation	261
46801	Food & Restaurants|Asian	262
47192	Asian|Food & Restaurants	263
47260	Food & Restaurants|Asian	264
47462	Active Life & Fitness|Sports & Recreation	265
47612	Food & Restaurants|Coffee,Tea & Desserts	266
47903	Coffee,Tea & Desserts|Food & Restaurants|Specialty Food & Groceries	267
48325	Asian|Food & Restaurants	268
48872	Asian|Food & Restaurants	269
48910	Arts & Entertainment|Bars & Nightlife|Event Services|Travel & Transportation	270
48935	Food & Restaurants|Asian	271
49168	Food & Restaurants	272
49169	Asian|Drinks & Spirits|Food & Restaurants|Bars & Nightlife	273
49201	Food & Restaurants	274
49249	Food & Restaurants	275
49296	Asian|Food & Restaurants	276
49322	Event Services|Food & Restaurants	277
49420	Bars & Nightlife|Food & Restaurants|Asian	278
49667	Food & Restaurants|Bars & Nightlife|Drinks & Spirits	279
49673	Food & Restaurants|Bars & Nightlife	280
49695	Food & Restaurants|Coffee,Tea & Desserts	281
49998	Food & Restaurants|Bars & Nightlife	282
50579	Food & Restaurants|Asian|Specialty Food & Groceries	283
50665	Food & Restaurants	284
50953	Technology & Electronics|Shopping & Fashion	285
50955	Food & Restaurants|Arts & Entertainment|Drinks & Spirits	286
51178	Arts & Entertainment|Bars & Nightlife|Food & Restaurants	287
51411	Food & Restaurants	288
51680	Food & Restaurants|Asian	289
51698	Food & Restaurants	290
51747	Drinks & Spirits|Shopping & Fashion|Food & Restaurants|Specialty Food & Groceries|Miscellaneous	291
51754	Food & Restaurants|Bars & Nightlife	292
51995	Food & Restaurants|Bars & Nightlife|Coffee,Tea & Desserts	293
52201	Bars & Nightlife|Food & Restaurants	294
52338	Arts & Entertainment|Bars & Nightlife|Sports & Recreation	295
52353	Food & Restaurants	296
52424	Food & Restaurants|Coffee,Tea & Desserts	297
52684	Asian|Food & Restaurants	298
52748	Food & Restaurants	299
52883	Food & Restaurants|Bars & Nightlife	300
53182	Shopping & Fashion|Home & Garden|Miscellaneous	301
53423	Food & Restaurants	302
53697	Food & Restaurants	303
54242	Asian|Food & Restaurants	304
54244	Food & Restaurants	305
54354	Food & Restaurants|Coffee,Tea & Desserts	306
54471	Food & Restaurants	307
55208	Food & Restaurants	308
55262	Bars & Nightlife|Food & Restaurants	309
55273	Asian|Food & Restaurants	310
55444	Coffee,Tea & Desserts|Food & Restaurants	311
55478	Food & Restaurants|Asian	312
55517	Active Life & Fitness|Food & Restaurants|Arts & Entertainment|Sports & Recreation|Bars & Nightlife	313
55527	Arts & Entertainment|Event Services|Travel & Transportation	314
55691	Food & Restaurants	315
55711	Asian|Food & Restaurants	316
55882	Bars & Nightlife|Event Services|Food & Restaurants	317
55923	Bars & Nightlife|Food & Restaurants	318
56053	Food & Restaurants	319
57057	Health & Beauty	320
57255	Active Life & Fitness|Outdoor Activities|Arts & Entertainment	321
57510	Food & Restaurants	322
57542	Food & Restaurants|Asian	323
57765	Food & Restaurants	324
57769	Bars & Nightlife|Event Services|Food & Restaurants	325
57771	Bars & Nightlife	326
57773	Food & Restaurants|Coffee,Tea & Desserts	327
58180	Asian|Food & Restaurants|Specialty Food & Groceries	328
58414	Bars & Nightlife|Food & Restaurants|Specialty Food & Groceries	329
58524	Asian|Food & Restaurants|Bars & Nightlife	330
59075	Asian|Food & Restaurants	331
59218	Food & Restaurants|Coffee,Tea & Desserts	332
59848	Food & Restaurants	333
60515	Food & Restaurants	334
60552	Food & Restaurants|Asian	335
60778	Shopping & Fashion	336
60821	Food & Restaurants|Event Services	337
60910	Food & Restaurants	338
61072	Asian|Bars & Nightlife|Food & Restaurants	339
61116	Food & Restaurants|Coffee,Tea & Desserts	340
61281	Food & Restaurants	341
61555	Food & Restaurants|Bars & Nightlife	342
62177	Asian|Food & Restaurants	343
62242	Arts & Entertainment|Bars & Nightlife	344
62369	Food & Restaurants	345
62624	Food & Restaurants	346
62666	Food & Restaurants|Coffee,Tea & Desserts	347
62724	Food & Restaurants	348
62813	Food & Restaurants	349
62826	Arts & Entertainment|Event Services|Travel & Transportation	350
62850	Food & Restaurants	351
62958	Arts & Entertainment|Event Services|Travel & Transportation	352
63221	Food & Restaurants|Drinks & Spirits	353
63643	Food & Restaurants	354
63864	Asian|Food & Restaurants	355
63980	Food & Restaurants|Asian|Specialty Food & Groceries	356
64163	Drinks & Spirits|Event Services|Shopping & Fashion|Food & Restaurants|Specialty Food & Groceries	357
64164	Food & Restaurants|Bars & Nightlife|Drinks & Spirits	358
64345	Arts & Entertainment	359
64612	Food & Restaurants|Asian	360
64751	Food & Restaurants	361
65471	Bars & Nightlife|Asian|Food & Restaurants	362
65525	Food & Restaurants	363
65670	Active Life & Fitness|Arts & Entertainment|Sports & Recreation|Event Services|Travel & Transportation	364
65925	Food & Restaurants|Coffee,Tea & Desserts	365
66032	Food & Restaurants|Bars & Nightlife	366
66071	Coffee,Tea & Desserts|Food & Restaurants	367
66339	Arts & Entertainment|Food & Restaurants|Public Services & Community	368
66387	Event Services|Food & Restaurants	369
67020	Arts & Entertainment|Event Services|Travel & Transportation	370
67051	Food & Restaurants|Coffee,Tea & Desserts	371
67139	Food & Restaurants|Drinks & Spirits	372
67303	Bars & Nightlife|Food & Restaurants	373
67861	Asian|Food & Restaurants	374
68043	Arts & Entertainment|Event Services|Travel & Transportation	375
68094	Food & Restaurants	376
68330	Food & Restaurants	377
68607	Food & Restaurants	378
68669	Food & Restaurants	379
68784	Shopping & Fashion|Food & Restaurants	380
68913	Food & Restaurants|Bars & Nightlife	381
69288	Food & Restaurants|Bars & Nightlife	382
69652	Active Life & Fitness|Arts & Entertainment|Bars & Nightlife|Food & Restaurants	383
69939	Food & Restaurants	384
69943	Food & Restaurants|Coffee,Tea & Desserts	385
69949	Food & Restaurants	386
70312	Asian|Food & Restaurants	387
70416	Bars & Nightlife|Food & Restaurants	388
70643	Asian|Food & Restaurants	389
70848	Food & Restaurants	390
70982	Food & Restaurants|Coffee,Tea & Desserts	391
71109	Food & Restaurants|Asian	392
71346	Food & Restaurants|Coffee,Tea & Desserts	393
71501	Coffee,Tea & Desserts|Food & Restaurants|Specialty Food & Groceries	394
71879	Food & Restaurants|Asian	395
71901	Education & Learning|Public Services & Community	396
72013	Food & Restaurants|Coffee,Tea & Desserts	397
72578	Food & Restaurants|Specialty Food & Groceries	398
72764	Asian|Food & Restaurants	399
73108	Food & Restaurants|Asian	400
73173	Food & Restaurants|Asian	401
73339	Arts & Entertainment|Event Services|Travel & Transportation	402
73665	Arts & Entertainment	403
73669	Food & Restaurants	404
73954	Asian|Food & Restaurants	405
74394	Food & Restaurants	406
74425	Health & Beauty	407
74624	Bars & Nightlife|Food & Restaurants	408
74994	Food & Restaurants	409
75841	Food & Restaurants	410
76420	Food & Restaurants	411
76501	Asian|Food & Restaurants	412
76766	Bars & Nightlife|Event Services	413
77018	Food & Restaurants	414
77353	Arts & Entertainment|Event Services|Travel & Transportation	415
78042	Food & Restaurants	416
78192	Food & Restaurants	417
78313	Bars & Nightlife|Food & Restaurants	418
78410	Food & Restaurants	419
78656	Food & Restaurants|Bars & Nightlife	420
78745	Arts & Entertainment|Event Services|Travel & Transportation	421
78746	Food & Restaurants	422
79034	Asian|Food & Restaurants	423
79301	Food & Restaurants|Coffee,Tea & Desserts	424
79641	Food & Restaurants|Asian	425
79817	Asian|Food & Restaurants	426
79982	Food & Restaurants|Bars & Nightlife	427
80002	Food & Restaurants	428
80095	Food & Restaurants	429
80437	Food & Restaurants	430
80597	Food & Restaurants	431
80635	Event Services|Food & Restaurants	432
80649	Food & Restaurants	433
81397	Food & Restaurants|Event Services	434
81453	Food & Restaurants|Bars & Nightlife	435
81577	Drinks & Spirits|Food & Restaurants|Asian	436
81715	Food & Restaurants	437
81803	Coffee,Tea & Desserts|Food & Restaurants|Bars & Nightlife	438
81856	Food & Restaurants|Coffee,Tea & Desserts	439
82291	Arts & Entertainment|Bars & Nightlife	440
82367	Asian|Food & Restaurants	441
82826	Asian|Food & Restaurants	442
82852	Food & Restaurants|Specialty Food & Groceries|Asian	443
83104	Active Life & Fitness|Sports & Recreation|Outdoor Activities	444
83578	Food & Restaurants|Asian	445
83803	Food & Restaurants	446
84037	Active Life & Fitness|Outdoor Activities|Family & Kids	447
84104	Food & Restaurants|Asian	448
84272	Arts & Entertainment|Bars & Nightlife	449
84412	Food & Restaurants|Arts & Entertainment|Bars & Nightlife|Event Services|Travel & Transportation	450
84570	Arts & Entertainment|Coffee,Tea & Desserts|Food & Restaurants|Bars & Nightlife	451
84673	Food & Restaurants|Coffee,Tea & Desserts	452
85526	Bars & Nightlife|Food & Restaurants	453
85995	Asian|Food & Restaurants	454
86186	Coffee,Tea & Desserts|Food & Restaurants	455
86187	Food & Restaurants	456
86852	Arts & Entertainment|Event Services|Travel & Transportation|Food & Restaurants	457
87015	Food & Restaurants|Asian	458
87120	Food & Restaurants	459
87160	Asian|Food & Restaurants	460
87193	Food & Restaurants|Bars & Nightlife|Drinks & Spirits	461
87245	Food & Restaurants|Bars & Nightlife	462
87247	Food & Restaurants|Coffee,Tea & Desserts|Specialty Food & Groceries	463
87265	Food & Restaurants	464
87331	Food & Restaurants	465
87421	Bars & Nightlife|Drinks & Spirits|Food & Restaurants	466
87772	Arts & Entertainment	467
88318	Coffee,Tea & Desserts|Food & Restaurants	468
88435	Coffee,Tea & Desserts|Food & Restaurants	469
88436	Asian|Food & Restaurants	470
88885	Food & Restaurants|Coffee,Tea & Desserts	471
89040	Food & Restaurants|Asian	472
89166	Shopping & Fashion	473
89347	Food & Restaurants	474
89479	Arts & Entertainment|Outdoor Activities|Food & Restaurants|Specialty Food & Groceries	475
89592	Food & Restaurants	476
89642	Food & Restaurants|Specialty Food & Groceries	477
89869	Food & Restaurants	478
90203	Food & Restaurants	479
90263	Coffee,Tea & Desserts|Food & Restaurants	480
90387	Food & Restaurants|Specialty Food & Groceries|Event Services	481
90498	Food & Restaurants|Asian	482
90572	Food & Restaurants	483
90659	Asian|Food & Restaurants	484
90879	Food & Restaurants	485
90949	Bars & Nightlife|Food & Restaurants	486
91334	Food & Restaurants|Bars & Nightlife	487
91351	Food & Restaurants	488
91665	Asian|Food & Restaurants	489
91806	Food & Restaurants|Asian|Bars & Nightlife	490
91818	Asian|Food & Restaurants	491
91894	Automotive|Public Services & Community|Miscellaneous	492
92205	Asian|Food & Restaurants	493
92263	Event Services|Food & Restaurants	494
92266	Bars & Nightlife|Food & Restaurants	495
92340	Food & Restaurants	496
92381	Food & Restaurants|Asian	497
92543	Food & Restaurants|Coffee,Tea & Desserts	498
92610	Active Life & Fitness|Sports & Recreation	499
92790	Asian|Food & Restaurants	500
93522	Food & Restaurants|Bars & Nightlife	501
93638	Food & Restaurants|Bars & Nightlife|Drinks & Spirits	502
93774	Food & Restaurants	503
93775	Shopping & Fashion	504
93995	Asian|Food & Restaurants	505
94113	Coffee,Tea & Desserts|Asian|Food & Restaurants	506
94116	Food & Restaurants|Arts & Entertainment|Bars & Nightlife|Coffee,Tea & Desserts	507
94260	Food & Restaurants|Asian	508
94273	Food & Restaurants|Asian	509
94416	Arts & Entertainment|Bars & Nightlife|Event Services	510
94848	Food & Restaurants	511
94950	Asian|Food & Restaurants	512
95003	Arts & Entertainment|Event Services|Bars & Nightlife	513
95091	Food & Restaurants	514
95153	Coffee,Tea & Desserts|Food & Restaurants	515
95278	Food & Restaurants|Bars & Nightlife	516
95301	Event Services|Food & Restaurants	517
95491	Food & Restaurants|Coffee,Tea & Desserts|Specialty Food & Groceries	518
95617	Asian|Food & Restaurants	519
95637	Asian|Food & Restaurants	520
95662	Food & Restaurants|Asian	521
95828	Coffee,Tea & Desserts|Food & Restaurants	522
95842	Food & Restaurants	523
96247	Bars & Nightlife	524
96324	Food & Restaurants|Asian	525
96524	Asian|Food & Restaurants	526
96699	Food & Restaurants|Coffee,Tea & Desserts	527
96767	Food & Restaurants	528
96852	Asian|Food & Restaurants	529
96941	Bars & Nightlife|Food & Restaurants	530
97063	Food & Restaurants|Bars & Nightlife	531
97101	Arts & Entertainment|Bars & Nightlife	532
97403	Coffee,Tea & Desserts|Food & Restaurants	533
97473	Food & Restaurants|Bars & Nightlife	534
97744	Food & Restaurants	535
97935	Food & Restaurants	536
97965	Bars & Nightlife|Food & Restaurants	537
98076	Food & Restaurants	538
98281	Food & Restaurants|Bars & Nightlife	539
98340	Arts & Entertainment|Event Services|Travel & Transportation|Food & Restaurants	540
99212	Coffee,Tea & Desserts|Food & Restaurants	541
99335	Arts & Entertainment	542
99336	Food & Restaurants|Arts & Entertainment|Bars & Nightlife	543
99478	Food & Restaurants|Bars & Nightlife	544
99875	Arts & Entertainment	545
99888	Specialty Food & Groceries|Food & Restaurants	546
99927	Food & Restaurants	547
99933	Coffee,Tea & Desserts|Food & Restaurants	548
100015	Food & Restaurants|Coffee,Tea & Desserts	549
100209	Asian|Food & Restaurants	550
100264	Food & Restaurants|Coffee,Tea & Desserts|Specialty Food & Groceries	551
100269	Arts & Entertainment	552
100391	Food & Restaurants|Asian	553
100413	Food & Restaurants	554
100444	Food & Restaurants|Bars & Nightlife	555
100636	Food & Restaurants	556
100679	Food & Restaurants	557
101146	Food & Restaurants	558
101438	Coffee,Tea & Desserts|Food & Restaurants	559
101645	Bars & Nightlife|Food & Restaurants|Asian	560
101801	Coffee,Tea & Desserts|Food & Restaurants|Asian	561
101903	Food & Restaurants|Asian	562
101953	Asian|Food & Restaurants	563
101997	Food & Restaurants	564
102087	Asian|Food & Restaurants	565
102209	Coffee,Tea & Desserts|Food & Restaurants	566
102271	Food & Restaurants	567
102615	Food & Restaurants	568
102684	Asian|Food & Restaurants	569
103055	Asian|Bars & Nightlife|Food & Restaurants	570
103267	Asian|Food & Restaurants	571
103396	Food & Restaurants	572
103466	Food & Restaurants|Asian	573
103515	Bars & Nightlife|Food & Restaurants	574
103568	Asian|Food & Restaurants|Bars & Nightlife	575
103829	Arts & Entertainment|Event Services	576
104108	Asian|Food & Restaurants	577
104232	Miscellaneous|Shopping & Fashion	578
104464	Food & Restaurants|Asian	579
104641	Asian|Food & Restaurants	580
104670	Food & Restaurants	581
104706	Food & Restaurants	582
104894	Arts & Entertainment|Bars & Nightlife	583
104923	Food & Restaurants	584
105132	Food & Restaurants|Drinks & Spirits	585
105263	Food & Restaurants|Event Services	586
105347	Asian|Food & Restaurants	587
105981	Asian|Food & Restaurants|Specialty Food & Groceries	588
105992	Food & Restaurants	589
106238	Food & Restaurants|Bars & Nightlife	590
106324	Arts & Entertainment	591
106668	Food & Restaurants	592
106686	Bars & Nightlife|Food & Restaurants	593
106698	Shopping & Fashion|Miscellaneous|Health & Beauty|Technology & Electronics|Food & Restaurants|Specialty Food & Groceries|Automotive	594
106723	Food & Restaurants	595
107106	Asian|Food & Restaurants	596
107139	Bars & Nightlife|Food & Restaurants	597
107352	Event Services|Travel & Transportation	598
107503	Bars & Nightlife|Food & Restaurants	599
107589	Food & Restaurants|Coffee,Tea & Desserts|Specialty Food & Groceries	600
107594	Food & Restaurants	601
107702	Bars & Nightlife|Food & Restaurants	602
107963	Food & Restaurants|Bars & Nightlife|Drinks & Spirits	603
108256	Food & Restaurants|Asian	604
108537	Asian|Food & Restaurants	605
108604	Asian|Coffee,Tea & Desserts|Food & Restaurants	606
108821	Food & Restaurants|Bars & Nightlife	607
109187	Food & Restaurants	608
109245	Food & Restaurants|Coffee,Tea & Desserts	609
109380	Bars & Nightlife|Drinks & Spirits|Food & Restaurants|Asian	610
109441	Bars & Nightlife|Food & Restaurants	611
109469	Family & Kids|Home & Garden|Food & Restaurants|Shopping & Fashion	612
109501	Asian|Food & Restaurants	613
109637	Active Life & Fitness|Arts & Entertainment|Bars & Nightlife|Food & Restaurants	614
110109	Active Life & Fitness|Outdoor Activities|Family & Kids|Food & Restaurants	615
110132	Food & Restaurants|Coffee,Tea & Desserts	616
110151	Food & Restaurants	617
110265	Food & Restaurants	618
110616	Food & Restaurants|Asian	619
110774	Food & Restaurants|Bars & Nightlife|Drinks & Spirits	620
110825	Food & Restaurants|Bars & Nightlife	621
110991	Food & Restaurants	622
111251	Shopping & Fashion	623
111555	Food & Restaurants	624
111835	Food & Restaurants	625
111876	Arts & Entertainment|Bars & Nightlife	626
112320	Drinks & Spirits|Food & Restaurants|Specialty Food & Groceries	627
112343	Bars & Nightlife|Asian|Food & Restaurants	628
112485	Food & Restaurants	629
112650	Food & Restaurants|Specialty Food & Groceries	630
112668	Food & Restaurants|Bars & Nightlife	631
112748	Food & Restaurants	632
112769	Asian|Food & Restaurants	633
112783	Asian|Food & Restaurants	634
112807	Arts & Entertainment|Travel & Transportation|Food & Restaurants|Shopping & Fashion	635
112883	Drinks & Spirits|Food & Restaurants|Specialty Food & Groceries	636
112999	Food & Restaurants	637
113361	Food & Restaurants|Arts & Entertainment|Bars & Nightlife|Drinks & Spirits	638
113435	Food & Restaurants|Coffee,Tea & Desserts	639
113590	Food & Restaurants	640
113773	Food & Restaurants|Coffee,Tea & Desserts	641
113993	Food & Restaurants	642
114049	Food & Restaurants|Coffee,Tea & Desserts	643
114523	Active Life & Fitness|Outdoor Activities	644
114595	Active Life & Fitness|Outdoor Activities|Arts & Entertainment|Food & Restaurants|Shopping & Fashion	645
114652	Drinks & Spirits|Food & Restaurants|Bars & Nightlife	646
114766	Food & Restaurants|Coffee,Tea & Desserts	647
114849	Asian|Food & Restaurants|Bars & Nightlife	648
114915	Food & Restaurants|Asian	649
114949	Food & Restaurants	650
114953	Bars & Nightlife	651
115065	Food & Restaurants	652
115199	Food & Restaurants|Asian	653
115305	Food & Restaurants	654
115352	Food & Restaurants|Coffee,Tea & Desserts	655
115438	Arts & Entertainment	656
115465	Food & Restaurants	657
115499	Food & Restaurants	658
115509	Food & Restaurants	659
115542	Food & Restaurants	660
115835	Food & Restaurants|Bars & Nightlife	661
115939	Food & Restaurants|Coffee,Tea & Desserts	662
116209	Asian|Food & Restaurants	663
116238	Food & Restaurants	664
116245	Arts & Entertainment|Event Services|Travel & Transportation	665
116248	Food & Restaurants	666
116341	Food & Restaurants|Bars & Nightlife	667
116500	Food & Restaurants	668
116552	Coffee,Tea & Desserts|Food & Restaurants	669
116839	Food & Restaurants	670
117062	Food & Restaurants	671
117258	Food & Restaurants	672
117459	Food & Restaurants	673
117660	Asian|Food & Restaurants	674
117968	Bars & Nightlife|Food & Restaurants	675
118335	Drinks & Spirits|Event Services|Shopping & Fashion|Food & Restaurants|Specialty Food & Groceries	676
118361	Food & Restaurants|Coffee,Tea & Desserts	677
118384	Bars & Nightlife|Food & Restaurants	678
118857	Technology & Electronics|Automotive|Shopping & Fashion	679
118876	Bars & Nightlife|Food & Restaurants	680
119166	Food & Restaurants	681
119219	Food & Restaurants	682
119380	Coffee,Tea & Desserts|Food & Restaurants	683
119625	Food & Restaurants	684
119775	Bars & Nightlife|Coffee,Tea & Desserts|Food & Restaurants	685
119792	Food & Restaurants	686
119814	Food & Restaurants	687
119890	Arts & Entertainment|Health & Beauty|Event Services|Travel & Transportation	688
120026	Food & Restaurants	689
120041	Bars & Nightlife	690
120171	Food & Restaurants|Coffee,Tea & Desserts	691
120199	Coffee,Tea & Desserts|Food & Restaurants	692
120253	Food & Restaurants	693
120277	Bars & Nightlife|Food & Restaurants	694
120569	Food & Restaurants	695
120851	Food & Restaurants|Asian	696
120946	Food & Restaurants	697
120993	Drinks & Spirits|Shopping & Fashion|Food & Restaurants|Specialty Food & Groceries|Miscellaneous	698
121181	Food & Restaurants	699
121231	Food & Restaurants|Coffee,Tea & Desserts	700
121240	Food & Restaurants	701
121631	Food & Restaurants|Specialty Food & Groceries	702
121802	Food & Restaurants|Asian|Bars & Nightlife|Drinks & Spirits	703
121814	Food & Restaurants	704
121819	Coffee,Tea & Desserts|Food & Restaurants|Public Services & Community	705
121878	Asian|Food & Restaurants	706
122008	Coffee,Tea & Desserts|Food & Restaurants	707
122290	Food & Restaurants|Asian|Bars & Nightlife	708
122336	Asian|Food & Restaurants	709
122351	Food & Restaurants	710
122467	Technology & Electronics|Automotive|Home & Garden|Shopping & Fashion	711
122718	Bars & Nightlife	712
122773	Food & Restaurants	713
122901	Miscellaneous|Shopping & Fashion	714
123066	Asian|Food & Restaurants|Health & Beauty|Coffee,Tea & Desserts|Specialty Food & Groceries	715
123261	Bars & Nightlife	716
123376	Food & Restaurants|Specialty Food & Groceries	717
123437	Food & Restaurants	718
123441	Food & Restaurants|Asian	719
123563	Food & Restaurants	720
123682	Asian|Food & Restaurants	721
123952	Shopping & Fashion	722
124073	Food & Restaurants|Asian	723
124330	Bars & Nightlife|Food & Restaurants	724
124345	Food & Restaurants	725
124753	Asian|Bars & Nightlife|Food & Restaurants	726
124826	Coffee,Tea & Desserts|Food & Restaurants	727
125103	Food & Restaurants	728
125116	Food & Restaurants	729
125132	Asian|Food & Restaurants	730
125386	Food & Restaurants	731
125492	Bars & Nightlife|Drinks & Spirits|Food & Restaurants	732
125519	Bars & Nightlife|Food & Restaurants	733
125660	Food & Restaurants|Arts & Entertainment|Bars & Nightlife	734
125755	Food & Restaurants	735
125819	Drinks & Spirits|Event Services|Shopping & Fashion|Food & Restaurants|Specialty Food & Groceries	736
125840	Food & Restaurants	737
126114	Food & Restaurants	738
126472	Bars & Nightlife|Food & Restaurants	739
126571	Food & Restaurants|Arts & Entertainment|Bars & Nightlife	740
126690	Bars & Nightlife|Food & Restaurants	741
126697	Event Services|Food & Restaurants	742
126848	Food & Restaurants	743
127262	Shopping & Fashion	744
127295	Food & Restaurants|Specialty Food & Groceries	745
127338	Arts & Entertainment|Outdoor Activities|Coffee,Tea & Desserts|Food & Restaurants|Education & Learning|Shopping & Fashion|Specialty Food & Groceries	746
127524	Food & Restaurants	747
127647	Food & Restaurants	748
127837	Active Life & Fitness|Food & Restaurants|Bars & Nightlife|Sports & Recreation	749
127912	Food & Restaurants	750
127986	Arts & Entertainment|Bars & Nightlife	751
128034	Bars & Nightlife	752
128136	Asian|Food & Restaurants	753
128297	Food & Restaurants|Coffee,Tea & Desserts	754
128340	Arts & Entertainment	755
128381	Food & Restaurants	756
128417	Coffee,Tea & Desserts|Food & Restaurants	757
128504	Bars & Nightlife|Food & Restaurants	758
128702	Asian|Food & Restaurants	759
128841	Food & Restaurants	760
128968	Asian|Food & Restaurants	761
129058	Active Life & Fitness|Outdoor Activities	762
129244	Food & Restaurants|Bars & Nightlife	763
129331	Asian|Food & Restaurants	764
129388	Food & Restaurants	765
129414	Food & Restaurants	766
129452	Coffee,Tea & Desserts|Asian|Food & Restaurants	767
129494	Arts & Entertainment|Event Services|Travel & Transportation	768
129500	Food & Restaurants|Bars & Nightlife|Coffee,Tea & Desserts	769
129616	Food & Restaurants	770
129846	Asian|Food & Restaurants	771
129977	Food & Restaurants|Asian	772
130032	Coffee,Tea & Desserts|Food & Restaurants	773
130212	Drinks & Spirits|Food & Restaurants	774
130238	Food & Restaurants|Coffee,Tea & Desserts	775
130427	Event Services|Travel & Transportation	776
130647	Food & Restaurants	777
130859	Food & Restaurants|Asian	778
130887	Food & Restaurants|Coffee,Tea & Desserts	779
130898	Food & Restaurants|Coffee,Tea & Desserts	780
130935	Food & Restaurants|Bars & Nightlife	781
130937	Food & Restaurants	782
130993	Arts & Entertainment	783
131265	Asian|Food & Restaurants	784
131296	Food & Restaurants	785
131441	Arts & Entertainment	786
131541	Bars & Nightlife|Food & Restaurants	787
131627	Food & Restaurants|Bars & Nightlife|Drinks & Spirits	788
131788	Food & Restaurants|Coffee,Tea & Desserts	789
131878	Bars & Nightlife|Food & Restaurants	790
131880	Arts & Entertainment|Shopping & Fashion	791
132025	Food & Restaurants	792
132082	Food & Restaurants	793
132475	Food & Restaurants|Asian	794
132513	Arts & Entertainment|Bars & Nightlife	795
132619	Food & Restaurants|Public Services & Community	796
133191	Active Life & Fitness|Sports & Recreation	797
133337	Food & Restaurants|Specialty Food & Groceries	798
133447	Asian|Food & Restaurants	799
133707	Bars & Nightlife|Food & Restaurants	800
133899	Food & Restaurants	801
133912	Bars & Nightlife	802
134047	Food & Restaurants|Coffee,Tea & Desserts	803
134144	Asian|Food & Restaurants	804
134150	Food & Restaurants|Coffee,Tea & Desserts	805
134226	Food & Restaurants|Drinks & Spirits	806
134273	Asian|Food & Restaurants|Specialty Food & Groceries	807
134513	Food & Restaurants|Coffee,Tea & Desserts	808
134552	Asian|Food & Restaurants	809
134580	Asian|Food & Restaurants	810
134706	Food & Restaurants|Asian	811
134923	Technology & Electronics|Miscellaneous|Automotive|Shopping & Fashion	812
134944	Food & Restaurants	813
135009	Food & Restaurants	814
135011	Bars & Nightlife	815
135034	Food & Restaurants	816
135088	Arts & Entertainment|Event Services|Travel & Transportation	817
135099	Bars & Nightlife|Food & Restaurants	818
135255	Food & Restaurants	819
135315	Asian|Food & Restaurants	820
135436	Food & Restaurants	821
135560	Food & Restaurants	822
135658	Food & Restaurants	823
135861	Arts & Entertainment|Outdoor Activities	824
135923	Food & Restaurants|Coffee,Tea & Desserts	825
136154	Coffee,Tea & Desserts|Food & Restaurants	826
136182	Asian|Food & Restaurants	827
136187	Arts & Entertainment|Bars & Nightlife	828
136224	Food & Restaurants	829
136597	Food & Restaurants|Bars & Nightlife	830
136678	Arts & Entertainment|Event Services|Travel & Transportation	831
136692	Bars & Nightlife|Food & Restaurants	832
136868	Asian|Food & Restaurants	833
136877	Arts & Entertainment|Event Services|Travel & Transportation	834
136993	Food & Restaurants|Bars & Nightlife	835
136999	Food & Restaurants|Coffee,Tea & Desserts|Specialty Food & Groceries	836
137065	Food & Restaurants|Arts & Entertainment|Bars & Nightlife|Event Services|Travel & Transportation	837
137413	Food & Restaurants|Asian	838
137636	Food & Restaurants	839
137805	Food & Restaurants	840
138015	Food & Restaurants	841
138227	Asian|Food & Restaurants	842
138310	Food & Restaurants|Arts & Entertainment	843
138354	Food & Restaurants	844
138659	Food & Restaurants	845
138979	Bars & Nightlife|Food & Restaurants	846
139011	Food & Restaurants	847
139265	Food & Restaurants|Coffee,Tea & Desserts	848
139304	Arts & Entertainment|Event Services|Travel & Transportation	849
139400	Food & Restaurants|Bars & Nightlife	850
139545	Arts & Entertainment|Bars & Nightlife|Food & Restaurants	851
139554	Food & Restaurants|Asian	852
139576	Food & Restaurants|Bars & Nightlife	853
139580	Active Life & Fitness|Arts & Entertainment|Event Services|Sports & Recreation|Travel & Transportation|Bars & Nightlife	854
139687	Asian|Food & Restaurants	855
139736	Food & Restaurants|Coffee,Tea & Desserts	856
139800	Food & Restaurants|Specialty Food & Groceries	857
140040	Food & Restaurants|Asian	858
140241	Food & Restaurants|Event Services	859
140386	Food & Restaurants|Coffee,Tea & Desserts	860
140455	Coffee,Tea & Desserts|Food & Restaurants	861
140516	Shopping & Fashion|Food & Restaurants	862
140576	Food & Restaurants	863
140619	Food & Restaurants|Bars & Nightlife	864
140721	Coffee,Tea & Desserts|Food & Restaurants	865
140958	Food & Restaurants|Coffee,Tea & Desserts|Shopping & Fashion|Miscellaneous|Specialty Food & Groceries	866
140962	Event Services|Food & Restaurants	867
141123	Food & Restaurants	868
141257	Food & Restaurants|Bars & Nightlife	869
141266	Arts & Entertainment|Event Services|Travel & Transportation|Food & Restaurants	870
141332	Food & Restaurants|Bars & Nightlife	871
141364	Food & Restaurants	872
141416	Food & Restaurants|Coffee,Tea & Desserts	873
141539	Food & Restaurants|Bars & Nightlife	874
141540	Food & Restaurants|Asian|Bars & Nightlife|Drinks & Spirits	875
141788	Food & Restaurants|Coffee,Tea & Desserts	876
142044	Food & Restaurants|Asian	877
142338	Shopping & Fashion|Miscellaneous|Health & Beauty|Technology & Electronics|Food & Restaurants|Specialty Food & Groceries|Automotive	878
142499	Arts & Entertainment|Event Services	879
142506	Arts & Entertainment	880
142513	Drinks & Spirits|Coffee,Tea & Desserts|Food & Restaurants	881
142528	Food & Restaurants|Coffee,Tea & Desserts	882
142661	Arts & Entertainment	883
143052	Food & Restaurants	884
143217	Coffee,Tea & Desserts|Food & Restaurants	885
143254	Food & Restaurants	886
143276	Food & Restaurants	887
143280	Shopping & Fashion	888
143357	Food & Restaurants|Coffee,Tea & Desserts|Travel & Transportation	889
143806	Food & Restaurants	890
144123	Food & Restaurants	891
144315	Arts & Entertainment|Event Services|Travel & Transportation	892
144359	Food & Restaurants|Bars & Nightlife	893
144535	Asian|Food & Restaurants	894
144776	Technology & Electronics|Miscellaneous|Automotive|Shopping & Fashion	895
144874	Travel & Transportation	896
144970	Food & Restaurants	897
145000	Asian|Food & Restaurants	898
145002	Bars & Nightlife|Food & Restaurants	899
145584	Asian|Food & Restaurants	900
145963	Food & Restaurants|Arts & Entertainment|Shopping & Fashion|Specialty Food & Groceries	901
146061	Event Services|Food & Restaurants	902
146113	Food & Restaurants	903
146115	Arts & Entertainment	904
146440	Food & Restaurants|Bars & Nightlife	905
146488	Food & Restaurants|Bars & Nightlife	906
146712	Food & Restaurants	907
146789	Asian|Food & Restaurants	908
146936	Food & Restaurants|Specialty Food & Groceries	909
147377	Food & Restaurants|Coffee,Tea & Desserts	910
147566	Food & Restaurants|Asian	911
147676	Food & Restaurants|Asian	912
147782	Arts & Entertainment|Public Services & Community	913
147998	Arts & Entertainment|Event Services|Travel & Transportation	914
148007	Food & Restaurants|Coffee,Tea & Desserts	915
148138	Food & Restaurants|Event Services	916
148190	Food & Restaurants	917
148355	Asian|Food & Restaurants	918
148379	Asian|Food & Restaurants	919
148501	Automotive|Shopping & Fashion|Miscellaneous	920
148529	Arts & Entertainment	921
148719	Food & Restaurants	922
148911	Asian|Food & Restaurants	923
148933	Food & Restaurants	924
148980	Food & Restaurants	925
149045	Food & Restaurants|Bars & Nightlife	926
149304	Asian|Food & Restaurants	927
149445	Food & Restaurants|Arts & Entertainment|Bars & Nightlife|Event Services|Travel & Transportation	928
150092	Food & Restaurants	929
150094	Asian|Food & Restaurants	930
150230	Bars & Nightlife|Food & Restaurants	931
150338	Food & Restaurants	932
150342	Bars & Nightlife|Food & Restaurants	933
150759	Food & Restaurants	934
150770	Coffee,Tea & Desserts|Food & Restaurants	935
150896	Bars & Nightlife|Drinks & Spirits|Food & Restaurants	936
151165	Food & Restaurants	937
151210	Asian|Food & Restaurants	938
151301	Food & Restaurants	939
151501	Food & Restaurants	940
151700	Specialty Food & Groceries|Food & Restaurants|Asian	941
152029	Food & Restaurants|Bars & Nightlife	942
152472	Asian|Food & Restaurants	943
152849	Food & Restaurants|Asian|Bars & Nightlife	944
153034	Food & Restaurants|Asian	945
153429	Bars & Nightlife|Food & Restaurants	946
153582	Bars & Nightlife|Food & Restaurants	947
153603	Arts & Entertainment|Event Services|Food & Restaurants	948
153789	Bars & Nightlife|Food & Restaurants|Specialty Food & Groceries	949
153831	Food & Restaurants|Specialty Food & Groceries	950
153873	Food & Restaurants|Specialty Food & Groceries|Shopping & Fashion	951
154037	Bars & Nightlife	952
154124	Coffee,Tea & Desserts|Food & Restaurants	953
154288	Arts & Entertainment|Bars & Nightlife|Health & Beauty|Event Services|Travel & Transportation|Food & Restaurants	954
154323	Food & Restaurants	955
154413	Bars & Nightlife|Food & Restaurants	956
154630	Food & Restaurants|Specialty Food & Groceries	957
154767	Food & Restaurants|Asian|Bars & Nightlife	958
154925	Bars & Nightlife|Food & Restaurants	959
154949	Food & Restaurants|Bars & Nightlife	960
155021	Food & Restaurants	961
155045	Food & Restaurants|Asian	962
155105	Food & Restaurants|Bars & Nightlife|Drinks & Spirits	963
155116	Drinks & Spirits|Food & Restaurants|Asian	964
155151	Food & Restaurants	965
155323	Food & Restaurants	966
155518	Food & Restaurants|Coffee,Tea & Desserts	967
155716	Asian|Food & Restaurants	968
155776	Food & Restaurants|Coffee,Tea & Desserts	969
155807	Drinks & Spirits|Event Services|Shopping & Fashion|Food & Restaurants|Specialty Food & Groceries	970
155883	Food & Restaurants	971
155996	Food & Restaurants	972
156108	Arts & Entertainment	973
156113	Food & Restaurants|Bars & Nightlife	974
156398	Food & Restaurants	975
156484	Food & Restaurants	976
156581	Asian|Food & Restaurants|Specialty Food & Groceries	977
156682	Bars & Nightlife|Food & Restaurants|Asian	978
156787	Food & Restaurants	979
156884	Asian|Food & Restaurants	980
156989	Bars & Nightlife|Asian|Food & Restaurants	981
157084	Food & Restaurants|Bars & Nightlife	982
157202	Asian|Food & Restaurants	983
157425	Coffee,Tea & Desserts|Food & Restaurants	984
157628	Arts & Entertainment|Event Services|Food & Restaurants|Bars & Nightlife	985
157768	Food & Restaurants|Bars & Nightlife	986
158021	Arts & Entertainment|Event Services|Travel & Transportation	987
158180	Food & Restaurants	988
158251	Food & Restaurants|Asian	989
158320	Bars & Nightlife|Drinks & Spirits|Food & Restaurants	990
158346	Food & Restaurants|Event Services|Public Services & Community	991
158474	Arts & Entertainment|Event Services|Travel & Transportation	992
158609	Asian|Food & Restaurants	993
158850	Food & Restaurants|Bars & Nightlife	994
159008	Food & Restaurants|Bars & Nightlife	995
159076	Food & Restaurants	996
159102	Arts & Entertainment|Event Services|Travel & Transportation	997
159172	Food & Restaurants	998
159396	Food & Restaurants	999
159436	Bars & Nightlife	1000
159702	Food & Restaurants	1001
159768	Arts & Entertainment	1002
159770	Arts & Entertainment|Food & Restaurants|Coffee,Tea & Desserts|Shopping & Fashion	1003
159804	Food & Restaurants	1004
160042	Food & Restaurants|Coffee,Tea & Desserts	1005
160344	Bars & Nightlife|Food & Restaurants	1006
160439	Food & Restaurants	1007
160498	Food & Restaurants|Drinks & Spirits	1008
160897	Coffee,Tea & Desserts|Food & Restaurants	1009
161331	Food & Restaurants|Event Services	1010
161404	Bars & Nightlife|Food & Restaurants	1011
161481	Bars & Nightlife|Food & Restaurants	1012
161625	Bars & Nightlife|Drinks & Spirits|Food & Restaurants	1013
161758	Food & Restaurants	1014
161772	Food & Restaurants|Coffee,Tea & Desserts	1015
161807	Food & Restaurants	1016
161892	Food & Restaurants|Specialty Food & Groceries	1017
161931	Coffee,Tea & Desserts|Food & Restaurants|Asian	1018
162672	Bars & Nightlife|Food & Restaurants	1019
162889	Coffee,Tea & Desserts|Food & Restaurants	1020
162909	Food & Restaurants	1021
163200	Food & Restaurants	1022
163428	Asian|Food & Restaurants	1023
163446	Bars & Nightlife|Food & Restaurants	1024
163488	Food & Restaurants	1025
163990	Food & Restaurants|Bars & Nightlife	1026
164346	Asian|Food & Restaurants	1027
164653	Food & Restaurants|Asian	1028
164673	Bars & Nightlife|Food & Restaurants	1029
165020	Food & Restaurants	1030
165113	Food & Restaurants	1031
165341	Food & Restaurants|Bars & Nightlife	1032
165442	Food & Restaurants|Bars & Nightlife	1033
165465	Health & Beauty|Event Services|Home & Garden|Travel & Transportation	1034
165579	Asian|Bars & Nightlife|Food & Restaurants	1035
165657	Food & Restaurants	1036
165736	Food & Restaurants	1037
165783	Food & Restaurants|Bars & Nightlife|Coffee,Tea & Desserts|Travel & Transportation	1038
165790	Food & Restaurants|Asian	1039
165848	Arts & Entertainment|Event Services|Travel & Transportation|Food & Restaurants	1040
165865	Coffee,Tea & Desserts|Asian|Food & Restaurants	1041
165966	Food & Restaurants|Asian|Coffee,Tea & Desserts	1042
165984	Arts & Entertainment|Event Services|Travel & Transportation	1043
166065	Food & Restaurants|Specialty Food & Groceries	1044
166090	Food & Restaurants	1045
166096	Food & Restaurants|Bars & Nightlife	1046
166139	Coffee,Tea & Desserts|Food & Restaurants	1047
166241	Food & Restaurants	1048
166497	Food & Restaurants	1049
166863	Food & Restaurants|Coffee,Tea & Desserts	1050
167089	Food & Restaurants	1051
167147	Food & Restaurants|Event Services	1052
167414	Food & Restaurants	1053
167426	Coffee,Tea & Desserts|Food & Restaurants	1054
167621	Food & Restaurants	1055
167795	Bars & Nightlife|Drinks & Spirits|Food & Restaurants	1056
167936	Specialty Food & Groceries|Food & Restaurants	1057
167943	Asian|Food & Restaurants	1058
167964	Food & Restaurants|Coffee,Tea & Desserts	1059
167988	Asian|Food & Restaurants	1060
168122	Asian|Food & Restaurants	1061
168411	Food & Restaurants	1062
168996	Bars & Nightlife	1063
169058	Food & Restaurants|Event Services	1064
169402	Arts & Entertainment|Event Services|Sports & Recreation	1065
169474	Food & Restaurants|Bars & Nightlife	1066
169483	Food & Restaurants|Asian	1067
169498	Food & Restaurants|Coffee,Tea & Desserts	1068
169537	Food & Restaurants	1069
169796	Food & Restaurants|Coffee,Tea & Desserts	1070
170130	Food & Restaurants	1071
170181	Food & Restaurants|Asian	1072
170385	Active Life & Fitness|Shopping & Fashion|Outdoor Activities|Sports & Recreation	1073
170668	Food & Restaurants	1074
170735	Food & Restaurants	1075
170834	Asian|Coffee,Tea & Desserts|Food & Restaurants	1076
171555	Shopping & Fashion|Outdoor Activities|Sports & Recreation	1077
171607	Food & Restaurants	1078
171700	Food & Restaurants	1079
172108	Bars & Nightlife|Food & Restaurants	1080
172301	Bars & Nightlife	1081
172561	Food & Restaurants	1082
172852	Food & Restaurants|Bars & Nightlife	1083
172855	Food & Restaurants	1084
172956	Food & Restaurants	1085
172958	Food & Restaurants|Coffee,Tea & Desserts	1086
172989	Arts & Entertainment|Event Services|Travel & Transportation	1087
172997	Bars & Nightlife|Food & Restaurants	1088
173154	Bars & Nightlife|Food & Restaurants	1089
173165	Food & Restaurants	1090
173267	Food & Restaurants	1091
173395	Food & Restaurants|Arts & Entertainment	1092
173487	Active Life & Fitness|Arts & Entertainment|Event Services|Travel & Transportation|Bars & Nightlife	1093
173488	Food & Restaurants	1094
173490	Food & Restaurants	1095
173561	Arts & Entertainment|Event Services|Travel & Transportation	1096
173802	Food & Restaurants|Public Services & Community|Asian	1097
173874	Food & Restaurants|Asian	1098
173875	Food & Restaurants|Asian	1099
173892	Bars & Nightlife|Food & Restaurants	1100
174448	Bars & Nightlife|Food & Restaurants	1101
174616	Asian|Food & Restaurants	1102
174630	Food & Restaurants|Asian	1103
174694	Food & Restaurants	1104
174783	Bars & Nightlife	1105
174834	Bars & Nightlife|Food & Restaurants	1106
174883	Arts & Entertainment|Event Services|Travel & Transportation	1107
174930	Coffee,Tea & Desserts|Food & Restaurants	1108
174955	Coffee,Tea & Desserts|Food & Restaurants	1109
175090	Food & Restaurants|Coffee,Tea & Desserts|Event Services	1110
175311	Food & Restaurants	1111
175348	Food & Restaurants	1112
175470	Asian|Food & Restaurants	1113
175583	Arts & Entertainment|Event Services|Travel & Transportation	1114
175585	Asian|Food & Restaurants	1115
175598	Active Life & Fitness|Outdoor Activities	1116
175599	Food & Restaurants|Specialty Food & Groceries	1117
175617	Coffee,Tea & Desserts|Food & Restaurants|Specialty Food & Groceries	1118
176064	Food & Restaurants	1119
176204	Bars & Nightlife|Event Services|Travel & Transportation	1120
176651	Arts & Entertainment|Event Services|Travel & Transportation	1121
176760	Food & Restaurants	1122
176879	Food & Restaurants|Coffee,Tea & Desserts	1123
176881	Shopping & Fashion	1124
177328	Asian|Bars & Nightlife|Food & Restaurants	1125
177381	Food & Restaurants|Asian	1126
177413	Arts & Entertainment	1127
177416	Arts & Entertainment|Event Services|Travel & Transportation	1128
177495	Asian|Food & Restaurants	1129
177574	Event Services|Food & Restaurants|Public Services & Community	1130
177578	Bars & Nightlife|Food & Restaurants	1131
177584	Food & Restaurants|Bars & Nightlife|Coffee,Tea & Desserts	1132
177824	Food & Restaurants	1133
177953	Asian|Food & Restaurants	1134
178050	Food & Restaurants|Bars & Nightlife	1135
178132	Food & Restaurants|Asian	1136
178191	Coffee,Tea & Desserts|Food & Restaurants	1137
178290	Bars & Nightlife|Food & Restaurants	1138
178396	Bars & Nightlife	1139
178397	Shopping & Fashion	1140
178400	Asian|Bars & Nightlife|Food & Restaurants	1141
178441	Food & Restaurants	1142
178499	Food & Restaurants	1143
178517	Food & Restaurants	1144
178748	Food & Restaurants	1145
178792	Food & Restaurants	1146
179051	Food & Restaurants	1147
179052	Arts & Entertainment|Bars & Nightlife	1148
179053	Food & Restaurants|Asian	1149
179091	Arts & Entertainment|Bars & Nightlife	1150
179274	Asian|Food & Restaurants	1151
179296	Shopping & Fashion	1152
179434	Food & Restaurants	1153
179481	Food & Restaurants	1154
179491	Food & Restaurants	1155
179515	Asian|Food & Restaurants	1156
179519	Coffee,Tea & Desserts|Food & Restaurants	1157
179696	Arts & Entertainment|Event Services|Travel & Transportation	1158
179718	Food & Restaurants|Specialty Food & Groceries	1159
179757	Asian|Food & Restaurants	1160
179770	Food & Restaurants|Arts & Entertainment|Bars & Nightlife	1161
179838	Food & Restaurants	1162
179873	Event Services|Food & Restaurants|Coffee,Tea & Desserts	1163
179945	Bars & Nightlife|Drinks & Spirits|Food & Restaurants|Public Services & Community|Asian	1164
180139	Asian|Food & Restaurants	1165
180152	Food & Restaurants	1166
180161	Bars & Nightlife	1167
180448	Food & Restaurants	1168
180479	Food & Restaurants	1169
180518	Food & Restaurants|Coffee,Tea & Desserts	1170
180589	Active Life & Fitness|Food & Restaurants|Arts & Entertainment|Sports & Recreation|Bars & Nightlife	1171
180628	Food & Restaurants	1172
180796	Food & Restaurants	1173
180851	Asian|Coffee,Tea & Desserts|Food & Restaurants	1174
180852	Health & Beauty	1175
181188	Asian|Food & Restaurants	1176
181437	Food & Restaurants|Coffee,Tea & Desserts	1177
181525	Food & Restaurants	1178
181526	Food & Restaurants|Bars & Nightlife	1179
181557	Food & Restaurants	1180
181703	Active Life & Fitness|Sports & Recreation	1181
181708	Bars & Nightlife|Food & Restaurants	1182
181826	Food & Restaurants|Bars & Nightlife|Drinks & Spirits	1183
181862	Food & Restaurants|Bars & Nightlife|Event Services	1184
181869	Asian|Food & Restaurants	1185
181888	Food & Restaurants|Bars & Nightlife	1186
181935	Food & Restaurants	1187
181947	Food & Restaurants	1188
181953	Bars & Nightlife|Shopping & Fashion|Travel & Transportation	1189
182042	Automotive|Shopping & Fashion|Miscellaneous	1190
182058	Asian|Food & Restaurants|Specialty Food & Groceries	1191
182174	Bars & Nightlife|Food & Restaurants	1192
182256	Bars & Nightlife|Food & Restaurants	1193
182264	Food & Restaurants	1194
182446	Arts & Entertainment|Event Services|Travel & Transportation	1195
182513	Food & Restaurants	1196
182537	Food & Restaurants	1197
182617	Arts & Entertainment|Event Services|Travel & Transportation	1198
182919	Asian|Bars & Nightlife|Food & Restaurants	1199
183228	Food & Restaurants	1200
183277	Asian|Food & Restaurants	1201
183317	Food & Restaurants|Asian	1202
183393	Bars & Nightlife|Food & Restaurants	1203
183432	Health & Beauty	1204
183479	Food & Restaurants	1205
183546	Food & Restaurants	1206
183573	Food & Restaurants|Arts & Entertainment|Bars & Nightlife	1207
183588	Food & Restaurants	1208
183735	Bars & Nightlife|Food & Restaurants	1209
183818	Event Services|Food & Restaurants	1210
183900	Arts & Entertainment	1211
184008	Food & Restaurants|Coffee,Tea & Desserts	1212
184070	Food & Restaurants|Coffee,Tea & Desserts	1213
184259	Asian|Food & Restaurants	1214
184577	Food & Restaurants	1215
184597	Arts & Entertainment|Event Services|Travel & Transportation	1216
184722	Arts & Entertainment|Public Services & Community	1217
184724	Arts & Entertainment|Asian|Bars & Nightlife|Food & Restaurants	1218
184774	Food & Restaurants|Bars & Nightlife	1219
184837	Arts & Entertainment|Event Services|Travel & Transportation|Food & Restaurants	1220
184889	Food & Restaurants	1221
184918	Health & Beauty	1222
185028	Bars & Nightlife|Food & Restaurants	1223
185037	Arts & Entertainment|Event Services|Bars & Nightlife|Sports & Recreation	1224
185069	Asian|Food & Restaurants	1225
185168	Food & Restaurants	1226
185213	Food & Restaurants|Asian|Specialty Food & Groceries	1227
185239	Food & Restaurants	1228
185249	Arts & Entertainment|Event Services|Travel & Transportation	1229
185341	Food & Restaurants|Bars & Nightlife	1230
185404	Arts & Entertainment|Bars & Nightlife|Food & Restaurants	1231
185413	Food & Restaurants	1232
185479	Food & Restaurants	1233
185503	Food & Restaurants	1234
185548	Food & Restaurants	1235
185554	Active Life & Fitness|Outdoor Activities|Sports & Recreation	1236
185571	Food & Restaurants	1237
185593	Bars & Nightlife|Food & Restaurants	1238
185634	Bars & Nightlife	1239
185695	Arts & Entertainment|Event Services|Travel & Transportation	1240
185705	Food & Restaurants|Coffee,Tea & Desserts|Event Services	1241
185747	Food & Restaurants	1242
185794	Food & Restaurants	1243
185798	Food & Restaurants	1244
186028	Arts & Entertainment	1245
186085	Arts & Entertainment|Bars & Nightlife	1246
186261	Food & Restaurants	1247
186305	Food & Restaurants	1248
186344	Active Life & Fitness|Sports & Recreation	1249
186476	Bars & Nightlife|Drinks & Spirits|Food & Restaurants	1250
186517	Asian|Food & Restaurants	1251
186646	Food & Restaurants	1252
186759	Bars & Nightlife|Food & Restaurants	1253
186796	Food & Restaurants	1254
186936	Food & Restaurants	1255
186937	Food & Restaurants	1256
187040	Arts & Entertainment|Bars & Nightlife	1257
187252	Food & Restaurants	1258
187326	Food & Restaurants	1259
187398	Food & Restaurants|Bars & Nightlife	1260
187469	Food & Restaurants|Asian	1261
187650	Food & Restaurants	1262
187680	Bars & Nightlife|Asian|Food & Restaurants	1263
187691	Asian|Food & Restaurants	1264
188067	Food & Restaurants	1265
188109	Arts & Entertainment|Event Services|Home & Garden|Travel & Transportation|Shopping & Fashion	1266
188255	Food & Restaurants	1267
188310	Food & Restaurants	1268
188449	Food & Restaurants|Bars & Nightlife	1269
188454	Food & Restaurants	1270
188578	Food & Restaurants	1271
